Album Name,Artists,Martyrdom Anniversary,Islamic Date,Notes
,,,,
رحيم و راحمة,مهدي_سهوان,ذكرى استشهاد فاطمة الزهراء (ع) \nموكب عزاء مسجد فاطمة الزهراء (ع) \nمدينة الزهراء (ع) - البحرين\n\nالتسجيل الصوتي : \nحسين الجمري - مسجد فاطمة الزهراء (ع)\nالهندسة الصوتية : علي مبارك,1439 هـ,موكب عزاء مسجد فاطمة الزهراء (ع) \nمدينة الزهراء (ع) - البحرين\n\nالتسجيل الصوتي : \nحسين الجمري - مسجد فاطمة الزهراء (ع)\nالهندسة الصوتية : علي مبارك
حدثي يا فاطمة,الشيخ_حسين_الأكرف\nذكرى,,1423 هـ,موكب عزاء مأتم الحاج عباس - المنامة
المجهولة قدرا,الشيخ_حسين_الأكرف\nذكرى,,1430 هـ,موكب عزاء الدراز - البحرين\n\nملاحظة : ( الفقرة الاولى ) غير مكتملة بسبب عطل في التسجيل \n\nالهندسة الصوتية : محسن الدقاق
أكتبوني بالعيون,الشيخ_حسين_الأكرف,,1422 هـ,موكب عزاء الدراز - الدراز - البحرين
سكني روع النفوس,الشيخ_حسين_الأكرف,,1416 هـ,مسجد فاطمة الزهراء (ع) - مدينة الزهراء - الدوار الرابع - البحرين
جهزوا نعشا من الاقصى لروح فاطم,"الشيخ_حسين_الأكرف, مهدي_سهوان",,1422 هـ,موكب عزاء مأتم بن سلوم - المنامة
لا ننسى أساها,الشيخ_حسين_الأكرف,,1428 هـ,موكب عزاء مأتم الحاج عباس - المنامة
ماتت فاطمة,مهدي_الخاطر\nذكرى,ذكرى استشهاد فاطمة الزهراء (ع)\nليلة 14 جمادى الأول 1445 هـ\n موكب عزاء واديان - سترة - البحرين\n\nالهندسة الصوتية : علي مبارك\n\nالفقرة الأولى - تروي الاخبار\nالفقرة الثانية - فاضت الروح\nالفقرة الثالثة - أيتامج يزهرا,1445 هـ,موكب عزاء واديان - سترة - البحرين\n\nالهندسة الصوتية : علي مبارك\n\nالفقرة الأولى - تروي الاخبار\nالفقرة الثانية - فاضت الروح\nالفقرة الثالثة - أيتامج يزهرا
علمينا الصبر يا زهراء,"مهدي_سهوان, علي_حمادي\n\nفي",ذكرى استشهاد الزهراء (ع) \nليلة 14 جمادى الأول من عام 1433 هـ\nمسجد فاطمة الزهراء (ع) - مدينة الزهراء 4\n\nالإعادة ما بعد المشاركة في ماتم بن خميس اللتي ضمت علي حمادي و جعفر سهوان\n\nحمادي ميديا,1433 هـ,مسجد فاطمة الزهراء (ع) - مدينة الزهراء 4\n\nالإعادة ما بعد المشاركة في ماتم بن خميس اللتي ضمت علي حمادي و جعفر سهوان\n\nحمادي ميديا
علمينا الصبر يا زهراء,"جعفر_سهوان, علي_حمادي\n\nذكرى",ذكرى استشهاد فاطمة الزهراء (ع) \nيوم 13 جمادى الأول 1433 هـ عصراً\nموكب عزاء ماتم بن خميس - السنابس \n\nما قبل المشاركة في مسجد فاطمة الزهراء (ع) - مدينة الزهراء (ع) حيث انها أعيدت مساءاً بأداء علي حمادي و مهدي سهوان\n\nحمادي ميديا,1433 هـ,موكب عزاء ماتم بن خميس - السنابس \n\nما قبل المشاركة في مسجد فاطمة الزهراء (ع) - مدينة الزهراء (ع) حيث انها أعيدت مساءاً بأداء علي حمادي و مهدي سهوان\n\nحمادي ميديا
قسماً بالضلوع لن نركع,"مهدي_سهوان, جعفر_سهوان\nذكرى",,1415 هـ,موكب عزاء مأتم بن خميس - السنابس
ماء الحنين,الشيخ_حسين_الأكرف,,1429 هـ,مسجد فاطمة الزهراء (ع) - مدينة الزهراء - الدوار الرابع - البحرين\n\nالهندسة الصوتية : محسن الدقاق\n\nتعديل : سيد حيدر
جرعوك البلاء,مهدي_سهوان,ذكرى استشهاد فاطمة الزهراء (ع) \nليلة 12 جمادى الأول 1434 هـ\nماتم سيد محمود - المحرق\n\nالتسجيل الصوتي : حسن مرهون \nالهندسة الصوتية : محسن الدقاق,1434 هـ,ماتم سيد محمود - المحرق\n\nالتسجيل الصوتي : حسن مرهون \nالهندسة الصوتية : محسن الدقاق
رائحة الجنه,جعفر_الدرازي,ذكرى استشهاد فاطمة الزهراء (ع) \nليلة 3 جمادى الثاني - 1440 هـ الرواية الثالثة\nحسينية و ماتم النعيم الغربي - البحرين\n\nالتسجيل الصوتي: محمد البوري \nالهندسة الصوتية : حسن مرهون,1440 هـ,حسينية و ماتم النعيم الغربي - البحرين\n\nالتسجيل الصوتي: محمد البوري \nالهندسة الصوتية : حسن مرهون
شيعوا الجثمان,"عبد_الأمير_البلادي, صالح_الدرازي\n\nذكرى",ذكرى استشهاد فاطمة الزهراء (ع)  \nليلة 14 جمادى الأول 1435 هـ \nمركز و حسينية الولاية - الكويت,1435 هـ,حسينية الولاية - الكويت
أم اليتامى 9,يوسف_الرومي,ذكرى استشهاد الزهراء (ع) الرواية الثالثة\nخارج ماتم القرية القديم - سترة - البحرين\n\nفي نسختها التاسعة .. صادف خروج العزاء لأول مرة كـ موكب عزاء القرية - سترة  \n\nالتسجيل الصوتي : أحمد فخر\nالهندسة الصوتية : علي مبارك\nالرومي ميديا,1444 هـ,ماتم القرية القديم - سترة - البحرين\n\nفي نسختها التاسعة .. صادف خروج العزاء لأول مرة كـ موكب عزاء القرية - سترة  \n\nالتسجيل الصوتي : أحمد فخر\nالهندسة الصوتية : علي مبارك\nالرومي ميديا
أم اليتامى 8,يوسف_الرومي,ذكرى استشهاد الزهراء (ع) الرواية الثالثة\nداخل ماتم القرية القديم - سترة - البحرين\n\nالتسجيل الصوتي : علي الحر\nالهندسة الصوتية : علي مبارك\nالرومي ميديا,1443 هـ,ماتم القرية القديم - سترة - البحرين\n\nالتسجيل الصوتي : علي الحر\nالهندسة الصوتية : علي مبارك\nالرومي ميديا
أم اليتامى 7,يوسف_الرومي,ذكرى استشهاد الزهراء (ع) الرواية الثالثة\nداخل ماتم القرية القديم - سترة - البحرين\n\nالتسجيل الصوتي : علي الحر\nالهندسة الصوتية : علي مبارك\nالرومي ميديا,1441 هـ,ماتم القرية القديم - سترة - البحرين\n\nالتسجيل الصوتي : علي الحر\nالهندسة الصوتية : علي مبارك\nالرومي ميديا
أم اليتامى 6,يوسف_الرومي,ذكرى استشهاد الزهراء (ع) الرواية الثالثة\nداخل ماتم القرية القديم - سترة - البحرين\n\nالتسجيل و الهندسة الصوتية : جرح الحسين\nالرومي ميديا,1440 هـ,ماتم القرية القديم - سترة - البحرين\n\nالتسجيل و الهندسة الصوتية : جرح الحسين\nالرومي ميديا
أم اليتامى 1,"يوسف_الرومي, حسين_أحمد\n#صادق_التوبلاني\n\nليلة",ذكرى استشهاد الزهراء (ع) الرواية الثالثة\nداخل ماتم القرية القديم - سترة - البحرين\n\nالتسجيل الصوتي : علي الحر\nالهندسة الصوتية : علي مبارك\nالرومي ميديا,1435 هـ,ماتم القرية القديم - سترة - البحرين\n\nالتسجيل الصوتي : علي الحر\nالهندسة الصوتية : علي مبارك\nالرومي ميديا
أخت الحسين,"علي_حمادي, إبراهيم_الموت\n\nذكرى",,1430 هـ,ماتم بن خميس - السنابس\n\nشارك الرادود علي حمادي مع الرادود إبراهيم الموت قبلها بالليل و من ثم مع مهدي سهوان في إعادة ايضاً\n\nحمادي ميديا
أخت الحسين,"علي_حمادي, إبراهيم_الموت\n\nذكرى",,1430 هـ,موكب عزاء ماتم الحاج عباس - المنامة\n\nشارك الرادود علي حمادي مع الرادود إبراهيم الموت في إعادة للشريط و من ثم مع مهدي سهوان في إعادة أخيره ايضاً\n\nحمادي ميديا
رجعنا و فينا حنين اللقاء,جعفر_الدرازي,,1421 هـ,موكب عزاء كرانة - كرانه - البحرين
سر الله,صالح_الدرازي\n\nذكرى,ذكرى استشهاد فاطمة الزهراء (ع)  \nليلة ثاني ليلة 14 جمادى الأول 1430 هـ \nمسجد فاطمة الزهراء (ع) - مدينة الزهراء (ع)\n\nهندسة مختلفة (مقطّعه),1430 هـ,مسجد الزهراء \nالرادود : #صالح_الدرازي\n\nذكرى استشهاد فاطمة الزهراء (ع)  \nليلة ثاني ليلة 14 جمادى الأول 1430 هـ \nمسجد فاطمة الزهراء (ع) - مدينة الزهراء (ع)\n\nهندسة مختلفة (مقطّعه)
صلت على جثمانك السماء,الشيخ_حسين_الأكرف,,1431 هـ,موكب عزاء الدراز - البحرين\n\nالهندسة الصوتية : محسن الدقاق
,"مهدي_سهوان, جاسم_مكي",ذكرى استشهاد الامام علي الرضا (ع)\nليلة 17 صفر - 1446 هـ \nموكب ماتم بن خميس - السنابس - البحرين\n\nالتسجيل الصوتي : حسين المقابي \nالهندسة الصوتية : محمد سلمان,1446 هـ,موكب للرادود #جاسم_مكي \n \nذكرى استشهاد الامام علي الرضا (ع)\nليلة 17 صفر - 1446 هـ \nموكب ماتم بن خميس - السنابس - البحرين\n\nالتسجيل الصوتي : حسين المقابي \nالهندسة الصوتية : محمد سلمان
شبوا النار,شاكر_الجنبي,,1443 هـ,موكب الإمام الكاظم (ع) - الشويكة - القطيف
جواد الاتقياء,"فلاح_أحمد, حسين_آل_رضي",ذكرى استشهاد الامام محمد الجواد (ع)\nليلة 29 ذو القعدة - 1445 هـ \nموكب ماتم بن خميس - السنابس - البحرين\n\nالتسجيل الصوتي : حسين المقابي \nالهندسة الصوتية : محمد سلمان,1445 هـ,موكب للرادود #حسين_آل_رضي \n \nذكرى استشهاد الامام محمد الجواد (ع)\nليلة 29 ذو القعدة - 1445 هـ \nموكب ماتم بن خميس - السنابس - البحرين\n\nالتسجيل الصوتي : حسين المقابي \nالهندسة الصوتية : محمد سلمان
وا قاسماه,سيد_حسين_المالكي,,1425 هـ,حسينية \nشبكة و منتديات المالكية
للناصر سلام,الشيخ_حسين_الأكرف,,1432 هـ,موكب عزاء الدراز - البحرين\n\nالهندسة الصوتية : محسن الدقاق
خلود البقاء,علي_حمادي,,1436 هـ,ماتم سار الكبير - قرية سار - البحرين\n\nالتسجيل الصوتي : حسن مرهون \nالهندسة الصوتية : محسن الدقاق \nحمادي ميديا
إلا علي,أحمد_قربان,ذكرى استشهاد أمير المؤمنين الامام علي (ع)\nليلة 22 رمضان 1438 هـ \nماتم الامام علي (ع) - أبوقوة - البحرين\n\nالهندسة الصوتية : حسن مرهون,1438 هـ,ماتم الامام علي (ع) - أبوقوة - البحرين\n\nالهندسة الصوتية : حسن مرهون
بيد عدوان,علي_حمادي,,1446 هـ,ماتم كرزكان للرجال - موكب عزاء كرزكان - قرية كرزكان - البحرين\n\nحمادي ميديا
على العهد,"إبراهيم_العوامي, كاظم_أبوزيد",ذكرى استشهاد الامام الحسن العسكري (ع)\nليلة 8 ربيع الأول - 1438 هـ\nموكب بقية الله - تاروت - السعودية\n\nالتسجيل الصوتي :  المرحوم جلال راشد\n الهندسة الصوتية :  المرحوم جلال راشد و علي مبارك,1438 هـ,موكب بقية الله - تاروت - السعودية\n\nالتسجيل الصوتي :  المرحوم جلال راشد\n الهندسة الصوتية :  المرحوم جلال راشد و علي مبارك
الفرض الأخير,"علي_كرانات, مهدي_الخاطر",ذكرى استشهاد فاطمة الزهراء (ع)\nليلة 13 جمادى الأول - 1438 هـ\nمسجد ابراهيم عرفات - ماتم شباب الحسين (ع) بالقديح - القطيف\n\nالتسجيل و الهندسة الصوتية :\n المرحوم جلال راشد,1438 هـ,مسجد ابراهيم عرفات - ماتم شباب الحسين (ع) بالقديح - القطيف\n\nالتسجيل و الهندسة الصوتية :\n المرحوم جلال راشد
ذكرى المعصومة,جعفر_الدرازي,ذكرى وفاة السيدة فاطمة المعصومة \nليلة 10 ربيع الثاني - 1441 هـ\nموكب عراد ماتم الحاج حسن العرادي - عراد  \n\nالتسجيل الصوتي: محمد البوري - يوسف زليخ \nالهندسة الصوتية : حسن مرهون,1441 هـ,موكب عراد ماتم الحاج حسن العرادي - عراد  \n\nالتسجيل الصوتي: محمد البوري - يوسف زليخ \nالهندسة الصوتية : حسن مرهون
تحدت كلماتي,الشيخ_حسين_الأكرف\nوفاة,وفاة السيدة زينب(ع) 1432 هـ - 2011 م\nموكب الدراز الموحد عصراً\n \nالهندسة الصوتية : محسن الدقاق\n\n(آخر مشاركة للشيخ حسين الأكرف في البحرين),1432 هـ,موكب الدراز الموحد عصراً\n \nالهندسة الصوتية : محسن الدقاق\n\n(آخر مشاركة للشيخ حسين الأكرف في البحرين)
زينب الكبرى,أحمد_قربان\n\nشهادة,,1439 هـ,موكب عزاء قرية بوري - البحرين\n\nالتسجيل و الهندسة الصوتية : محمد سلمان
وداع الصادق,"فوزي_الدرازي, صالح_الدرازي",استشهاد الامام جعفر الصادق (ع) \nليلة 26 شوال 1444 هـ \nماتم السنابس - قرية السنابس \n\nالهندسة الصوتية : علي النينون,1444 هـ,ماتم السنابس - قرية السنابس \n\nالهندسة الصوتية : علي النينون
بدر الزمان,أحمد_قربان,استشهاد الامام الحسن العسكري (ع) \nليلة 9 ربيع الأول 1438 هـ \nماتم السنابس الكبير - قرية السنابس \n\nالتسجيل الصوتي : \nعلي حيان - حسين طاهر - مهدي الغايب\nالهندسة الصوتية : علي المنصور \nشبكة جرح الحسين,1438 هـ,ماتم السنابس الكبير - قرية السنابس \n\nالتسجيل الصوتي : \nعلي حيان - حسين طاهر - مهدي الغايب\nالهندسة الصوتية : علي المنصور \nشبكة جرح الحسين
نلبيك بالأكفان,"يوسف_الرومي, سيد_ابراهيم_الستري",استشهاد الامام محمد الباقر (ع) حرم الحجاج\nليلة 8 ذو الحجة 1435 هـ 2014 م\nماتم حمد - واديان - سترة\n \nالهندسة الصوتية : علي مبارك\nتسجيلات دار الزهراء,1435 هـ,ماتم حمد - واديان - سترة\n \nالهندسة الصوتية : علي مبارك\nتسجيلات دار الزهراء
الصلح الثائر,"علي_غريب, أحمد_قربان",استشهاد الامام الحسن المجتبى (ع) \nليلة 8 صفر 1437 هـ 2016 م\nماتم الامام الرضا ع - موكب عزاء المالكية \n\nالتسجيل الصوتي : محمد سلمان \nالهندسة الصوتية : علي مبارك,1437 هـ,ماتم الامام الرضا ع - موكب عزاء المالكية \n\nالتسجيل الصوتي : محمد سلمان \nالهندسة الصوتية : علي مبارك
خيرة الله من الخلق,الشيخ_حسين_الأكرف,,1430 هـ,موكب عزاء مأتم بن سلوم - المنامة
فاجعة الكتاب,الشيخ_حسين_الأكرف,,1424 هـ,
والنجم إذا هوى,الشيخ_حسين_الأكرف,,1429 هـ,
غربة في وطن,الشيخ_حسين_الأكرف,,1436 هـ,حسينية الأوحد - الكويت
ما نسيتك,صالح_الدرازي,,1438 هـ,
أم السبطين 3,"علي_حمادي, سيد_حسين_الموسوي, صالح_الدرازي",ذكرى استشهاد الزهراء (ع) الرواية الأولى\nماتم القرية القديم - سترة - البحرين\n\nحمادي ميديا\nالهندسة الصوتية : محسن الدقاق\n\nالنسخة مع مشاركة صالح الدرازي في أعظم نار ..,1440 هـ,ماتم القرية القديم - سترة - البحرين\n\nحمادي ميديا\nالهندسة الصوتية : محسن الدقاق\n\nالنسخة مع مشاركة صالح الدرازي في أعظم نار ..
أم السبطين 3,"علي_حمادي, سيد_حسين_الموسوي, صالح_الدرازي",ذكرى استشهاد الزهراء (ع) الرواية الأولى\nماتم القرية القديم - سترة - البحرين\n\nحمادي ميديا\nالتسجيل الصوتي : علي الحر\nالهندسة الصوتية : علي مبارك\n\nالنسخة بدون مشاركة صالح الدرازي في أعظم نار ..,1440 هـ,ماتم القرية القديم - سترة - البحرين\n\nحمادي ميديا\nالتسجيل الصوتي : علي الحر\nالهندسة الصوتية : علي مبارك\n\nالنسخة بدون مشاركة صالح الدرازي في أعظم نار ..
العباس ثورة الوفاء,"الشيخ_حسين_الأكرف, أحمد_قربان\nليلة",,1424 هـ,حسينية البلوش - الكويت\n\nنسخة مقصصة .. ميديا شبكة الحجة
العباس ثورة الوفاء,"الشيخ_حسين_الأكرف, أحمد_قربان\nليلة",,1424 هـ,حسينية البلوش - الكويت\n\nنسخة السيدي
سفينة الحلم,سيد_محمود_الموسوي,وفاة بليلة\nموكب العزاء هيئة أهل البيت (ع) - حسينية السيد كاظم - قرية جنوسان - البحرين\n\nالتسجيل و الهندسة الصوتية : أحمد فخر,1446 هـ,موكب العزاء هيئة أهل البيت (ع) - حسينية السيد كاظم - قرية جنوسان - البحرين\n\nالتسجيل و الهندسة الصوتية : أحمد فخر
ماله ناصر,يوسف_الرومي,استشهاد مسلم ابن عقيل سلام الله عليه \nليلة خامس 5 من محرم 1445 هـ  \nموكب عزاء واديان - سترة \n\nالتسجيل الصوتي : \nرائد أبو حسين - اعلامية الموكب\nالهندسة الصوتية : علي مبارك,1445 هـ,موكب عزاء واديان - سترة \n\nالتسجيل الصوتي : \nرائد أبو حسين - اعلامية الموكب\nالهندسة الصوتية : علي مبارك
محمد نور تجلى,"علي_حمادي, سيد_ناصر_الشرف\n",,1446 هـ,ماتم و البداية داخل الماتم الرادود #سيد_ناصر_الشرف\n \nشهادة الرسول الأعظم النبي محمد (ص)\nيوم 28 صفر 1446 هـ عصراً\nموكب عزاء ماتم بن خميس - السنابس \n\nملاحظه: هذا التسجيل يحوي المشاركة خارج الماتم فقط للرادود علي حمادي\n\nحمادي ميديا
فرياد صرخة,"جعفر_القشعمي, قاسم_الوسطي",,1436 هـ,
كربلاء ثورة,عبد_الأمير_البلادي,,1436 هـ,
لن تمحو ذكرنا,الشيخ_حسين_الأكرف\nيوم,,1427 هـ,
لبيك يا خميني,سيد_شرف_الستراوي,,1431 هـ,مسجد الشيخ علي بن حسان\nموكب بقية الله - تاروت - القطيف
كتاب اليمين,"الشيخ_حسين_الأكرف\n, قحطان_البديري\n\nشهادة",,1434 هـ,حسينية الحيدرية - الكويت
لقاء العشق,جعفر_الدرازي,ذكرى وفاة السيدة فاطمة المعصومة \nليلة 10 ربيع الثاني - 1440 هـ\nموكب عراد ماتم الحاج حسن العرادي - عراد  \n\nالتسجيل الصوتي : محمد البوري \nالهندسة الصوتية : علي مبارك,1440 هـ,موكب عراد ماتم الحاج حسن العرادي - عراد  \n\nالتسجيل الصوتي : محمد البوري \nالهندسة الصوتية : علي مبارك
راح القمر,"أحمد_العويناتي, سيد_شرف_الستراوي",,1440 هـ,
,علي_حمادي,ذكرى وفاة السيدة رقية سلام الله عليها \nليلة 5 صفر - 1446 هـ\nماتم السهلة الجنوبية - السهلة - البحرين\n\nالتسجيل الصوتي : حسين المقابي \nالهندسة الصوتية : محمد سلمان,1446 هـ,ماتم السهلة الجنوبية - السهلة - البحرين\n\nالتسجيل الصوتي : حسين المقابي \nالهندسة الصوتية : محمد سلمان
,"مهدي_سهوان, رضا_ملا_علي",,1446 هـ,موكب للشبل #رضا_ملا_علي \n \nذكرى الأربعين - أربعين الإمام الحسين (ع)\nيوم 20 صفر - 1446 هـ عصراً\nموكب ماتم بن خميس - السنابس - البحرين\n\nالتسجيل الصوتي : حسين المقابي \nالهندسة الصوتية : محمد سلمان
,"مهدي_سهوان, مطهر_سهوان",,1446 هـ,موكب مسجد السيدة خديجة سلام الله عليها - مدينة الزهراء - البحرين\n\nالتسجيل الصوتي : حسين المقابي \nالهندسة الصوتية : محمد سلمان
,"حسين_عبد_الرسول, سيد_حسين_الموسوي",,1446 هـ,موكب عزاء أسكان عالي - البحرين\n\nالتسجيل الصوتي: حسين المقابي \nالهندسة الصوتية: محمد سلمان
سلام الله يا حيدر,الشيخ_حسين_الأكرف,,1427 هـ,موكب عزاء مأتم بن سلوم - المنامة
هذا الفراق,الشيخ_حسين_الأكرف,,1427 هـ,مسجد الزهراء (ع) - البحرين\n\nالهندسة الصوتية : محسن الدقاق
عليك كل سلامي,"عبد_الأمير_البلادي, صالح_الدرازي",,1444 هـ,موكب عزاء مأتم الحاج عباس - المنامة
رحيل الزهراء,"جعفر_الدرازي, صالح_الدرازي",ذكرى استشهاد فاطمة الزهراء (ع)\nليلة 13 جمادى الأول 1435 هـ الرواية الثالثة\nحسينية البلوش - الكويت\n\nتسجيلات البلوش,1435 هـ,حسينية البلوش - الكويت\n\nتسجيلات البلوش
ملهمة العفاف,"سيد_هاني_الوداعي, سيد_شرف_الستراوي",,1436 هـ,ماتم الامام علي (ع) - أبو قوة - البحرين\n\nالهندسة الصوتية: محسن الدقاق
,"حسين_عبد_الرسول, مهدي_طريف",ذكرى استشهاد الامام الحسن العسكري (ع)\nيوم 8 ربيع الأول 1446 هـ عصراً\nموكب عزاء ماتم بن خميس - السنابس \n\nالتسجيل الصوتي : حسين المقابي \n الهندسة الصوتية : محمد سلمان,1446 هـ,حسينية قبل الموكب\n \nذكرى استشهاد الامام الحسن العسكري (ع)\nيوم 8 ربيع الأول 1446 هـ عصراً\nموكب عزاء ماتم بن خميس - السنابس \n\nالتسجيل الصوتي : حسين المقابي \n الهندسة الصوتية : محمد سلمان
شوقاً أتينا,"علي_حمادي, كميل_عاشور",,1446 هـ,موكب عزاء ماتم بن سلوم - المنامة -  البحرين \n\nملاحظه : لم يستطع أبو نور ( الرادود علي حمادي )  إكمال هذه المشاركة وأكمل الفقرة الأخيرة الرادود #كميل_عاشور مع فقرة ايضاً\n\nالتسجيل الصوتي : حسين المقابي \nالهندسة الصوتية : محمد سلمان
,مهدي_سهوان,,1446 هـ,موكب عزاء قرية كرزكان -  البحرين \n\nالتسجيل الصوتي : حسين المقابي \nالهندسة الصوتية : محمد سلمان
الصابرة,"علي_حمادي, مهدي_سهوان",ذكرى وفاة السيدة زينب سلام الله عليها\nليلة 16 رجب 1427 هـ 2006 م\n ماتم الامام علي (ع) - أبو قوة - البحرين \n\nحرب تموز 2006 وإعلان النصر الالهي\n\nحمادي ميديا,1427 هـ,ماتم الامام علي (ع) - أبو قوة - البحرين \n\nحرب تموز 2006 وإعلان النصر الالهي\n\nحمادي ميديا
عن نهجك والله شبراً لا نحيد,يوسف_الرومي\n\nذكرى,,1421 هـ,
الوعد الصادق,الشيخ_حسين_الأكرف,,,
علم التقى,علي_حمادي,,1446 هـ,ماتم المرخ - قرية المرخ - البحرين \n\nالتسجيل الصوتي : حسين المقابي \nالهندسة الصوتية : محمد سلمان
حملوه بالقنا,صالح_الدرازي,,1431 هـ,موكب عزاء ماتم بن سلوم - المنامة - البحرين
لكنها لاذت,الشيخ_حسين_الأكرف,,1425 هـ,
حرز الموالين,الشيخ_حسين_الأكرف,وفاة أم البنين (ع) - 1431هـ\nحسينية الولاية - الكويت\n\nتسجيل : عبدالله مبارك - محمد جراغ,1431هـ,حسينية الولاية - الكويت\n\nتسجيل : عبدالله مبارك - محمد جراغ
وارثة العناء,سيد_هاني_الوداعي\nشهادة,,1430 هـ,موكب الشهداء بالربيعية - القطيف
خزانة الأسرار,الشيخ_حسين_الأكرف,,1426 هـ,
علمنا أسرار فداك,صالح_الدرازي,,1426 هـ,موكب ماتم الحاج عباس - المنامة - البحرين
فداء تراب نعل أبي تراب,"صالح_الدرازي, علي_حمادي",ذكرى استشهاد أمير المؤمنين الامام علي (ع) \nليلة 21 رمضان 1424 هـ\nموكب عزاء ماتم بن سلوم - المنامة - البحرين,1424 هـ,موكب عزاء ماتم بن سلوم - المنامة - البحرين
ضياع القبر,صالح_الدرازي,ذكرى استشهاد فاطمة الزهراء (ع) 1435 هـ\nمركز الغدير الاسلامي - الكويت,1435 هـ,
خذني إليك,الشيخ_حسين_الأكرف,,1431 هـ,موكب عزاء صدد المركزي (16) \nقرية صدد - البحرين\n\nنسخة منتديات المالكية \nالتسجيل و الهندسة الصوتية : محسن الدقاق
حديث الضريح,الشيخ_حسين_الأكرف,,1431 هـ,موكب عزاء مأتم بن سلوم - المنامة
آه ويلاه إنا لله,الشيخ_حسين_الأكرف,,1425 هـ,موكب عزاء الدراز - البحرين
يا قدوة الثائر,الشيخ_حسين_الأكرف,,1424 هـ,موكب عزاء صدد المركزي (9) \nقرية صدد - البحرين
السلام يا إمام,الشيخ_حسين_الأكرف,,1424 هـ,موكب عزاء مأتم بن سلوم - المنامة
بالدم فالتمطري,"الشيخ_حسين_الأكرف, صالح_الدرازي",,1423 هـ,موكب عزاء صدد المركزي (8) \nقرية صدد - البحرين\n\nتسجيل : محسن الدقاق
بالدم فالتمطري,الشيخ_حسين_الأكرف,,1423 هـ,موكب عزاء مأتم بن خميس - السنابس
كم ترجيك الملايين,"الشيخ_حسين_الأكرف, صالح_الدرازي",,1422 هـ,موكب عزاء صدد المركزي (7) \nقرية صدد - البحرين\n\nتسجيل : محسن الدقاق
ثأرنا عندك يا منتظر,الشيخ_حسين_الأكرف,,1414 هـ,موكب عزاء مأتم بن سلوم - المنامة
,مهدي_سهوان,,1446 هـ,موكب عزاء ماتم بن سلوم -  البحرين \n\nالتسجيل الصوتي : حسين المقابي \nالهندسة الصوتية : محمد سلمان
دمعة الأحزان,علي_حمادي,,1446 هـ,موكب عزاء ماتم عذاري -  البحرين \n\nالتسجيل الصوتي : حسين المقابي \nالهندسة الصوتية : محمد سلمان
قصة فاطمة,جعفر_الدرازي,استشهاد فاطمة الزهراء (ع) \nليلة 13 جمادى الاول 1437 هـ\nموكب المحرق الموحد - البحرين\n\nالتسجيل الصوتي: محمد البوري \nالهندسة الصوتية: حسن مرهون\n\nجعفر الدرازي ميديا,1437 هـ,موكب المحرق الموحد - البحرين\n\nالتسجيل الصوتي: محمد البوري \nالهندسة الصوتية: حسن مرهون\n\nجعفر الدرازي ميديا
أبواب الحوائج,صالح_الدرازي,ذكرى وفاة السيدة أم البنين سلام الله عليها\nليلة 13 جمادى الثاني 1431 هـ\nسلطنة عمان \n \nالهندسة الصوتية: سيد محمد الشهركاني,1431 هـ,
,مهدي_سهوان,,1446 هـ,موكب عزاء قرية أبو صيبع - البحرين\n\nالتسجيل الصوتي: حسين المقابي \nالهندسة الصوتية: محمد سلمان
,يوسف_حمادي,استشهاد الامام الحسن العسكري (ع)\nليلة 8 ربيع الاول 1446 هـ\nموكب عزاء عذاري - البحرين\n\nالتسجيل و الهندسة الصوتية : علي مبارك,1446 هـ,موكب عزاء عذاري - البحرين\n\nالتسجيل و الهندسة الصوتية : علي مبارك
يا أبا الزهراء خذنا,"صالح_الدرازي, جعفر_الدرازي, سيد_حسين_الموسوي",,1416 هـ,ماتم الامام علي(ع) - أبو قوة - البحرين\n\nنسخة مركز العرفان للتسجيلات الاسلامية...\nجميع المقاطع بالترتيب على المشاركة.. عدا المقطعين الاعادة لقصيدة مهدي سهوان قسماً بالضلوع لن نركع (مقلوبين) ..
,عبد_الأمير_البلادي,,1446 هـ,موكب عزاء سفالة - سترة - البحرين\n\nالتسجيل و الهندسة الصوتية : أحمد فخر
كم ترجيك الملايين,"الشيخ_حسين_الأكرف, صالح_الدرازي, جعفر_الدرازي",,1422 هـ,موكب عزاء مأتم الحاج عباس - المنامة
ختام العزية,محمد_بومره\n\nشهادة,,1445 هـ,موكب عزاء واديان - سترة - البحرين\n\nالهندسة الصوتية : علي مبارك
قصة يتم,محمد_بومره\n\nشهادة,,1443 هـ,موكب عزاء واديان - سترة - البحرين\n\nالهندسة الصوتية : علي مبارك
موعود السما,محمد_بومره\n\nشهادة,,1441 هـ,موكب عزاء واديان - سترة - البحرين\n\nالهندسة الصوتية : علي مبارك
متى نراك,الشيخ_حسين_الأكرف,,1429 هـ,موكب عزاء صدد المركزي ( 14 )\n قرية صدد - البحرين
,مهدي_سهوان,,1446 هـ,موكب عزاء مروزان - السنابس - البحرين \n\nالتسجيل الصوتي : حسين المقابي \n الهندسة الصوتية : محمد سلمان
محمد نور تجلى,"علي_حمادي, سيد_ناصر_الشرف\n",,1446 هـ,ماتم و البداية داخل الماتم الرادود #سيد_ناصر_الشرف\n \nشهادة الرسول الأعظم النبي محمد (ص)\nيوم 28 صفر 1446 هـ عصراً\nموكب عزاء ماتم بن خميس - السنابس \n\nالتسجيل الصوتي : حسين المقابي \n الهندسة الصوتية : محمد سلمان
,الشيخ_حسين_الأكرف,,1444 هـ,
,الشيخ_حسين_الأكرف,,1444 هـ,
,الشيخ_حسين_الأكرف,,1444 هـ,
,الشيخ_حسين_الأكرف,,1444 هـ,
,يوسف_حمادي,,1446 هـ,موكب عزاء مروزان - السنابس - البحرين\n\nالتسجيل الصوتي: حسين المقابي \nالهندسة الصوتية: محمد سلمان
,سيد_حسين_المالكي,,1446 هـ,موكب عزاء البلاد القديم -  البحرين \n\nالتسجيل و الهندسة الصوتية: علي مبارك
,علي_حمادي,,1446 هـ,موكب عزاء قرية باربار -  البحرين \n\nالتسجيل و الهندسة الصوتية: علي مبارك
دمعة جبريل,"علي_حمادي, صالح_الدرازي",,1443 هـ,ماتم الامام علي (ع) - أبو قوة - البحرين \n\nحمادي ميديا
دمعة الأحزان,علي_حمادي,,1446 هـ,موكب عزاء ماتم عذاري -  البحرين \n\nالتسجيل و الهندسة الصوتية: علي مبارك
صرختنة تبقى للأبد واحسيناة,علي_حمادي,,1440 هـ,موكب عزاء ماتم بن خميس - السنابس البحرين \n\nحمادي ميديا
أربعينك آية قدسية,علي_حمادي,,1440 هـ,موكب عزاء ماتم بن سلوم - المنامة البحرين\n\nحمادي ميديا
,يوسف_الرومي\n\n,,1432 هـ,موكب عزاء قرية بوري - البحرين\n\nالرومي ميديا
,يوسف_الرومي\n\n,,1432 هـ,موكب عزاء سترة الخارجية - سترة\n\nالرومي ميديا
للمسير عودة,علي_حمادي,,1429 هـ,ماتم جبلة حبشي - البحرين\n\nحمادي ميديا
,"يوسف_حمادي, محمد_غلوم, محمد_جميل\n",,1446 هـ,موكب كانت داخل الماتم وقبل الخروج، الرادود: #محمد_جميل\n \nيوم 25 محرم 1446 هـ\nشهادة زين العابدين الامام السجاد (ع)\nموكب عزاء ماتم بن خميس - السنابس - البحرين\n\nالتسجيل الصوتي: حسين المقابي \nالهندسة الصوتية: محمد سلمان
,"مهدي_سهوان, ميرزا_العرادي\n",,1446 هـ,موكب عزاء كرباباد - البحرين\n\nالتسجيل الصوتي: حسين المقابي \nالهندسة الصوتية: محمد سلمان
موكب الأباء,علي_حمادي,,1444 هـ,موكب الأباء ]\nالرادود : #علي_حمادي \n \nليلة الاربعين  ليلة 20 صفر 1444 هـ\nموكب عزاء ماتم بن سلوم - المنامة - البحرين\n\nحمادي ميديا
سيدة المحشر,صالح_الدرازي,ذكرى استشهاد فاطمة الزهراء ع 1426 هـ\nماتم بن زبر - المنامة - البحرين,1426 هـ,ماتم بن زبر - المنامة - البحرين
عودة الأحزان,"جعفر_الدرازي, صالح_الدرازي",,1424 هـ,ماتم جبلة حبشي - البحرين\n\nالشريط مقطّع بمقاطع  . .
حسنيون حسينيون,"جعفر_الدرازي, جعفر_القشعمي",,1422 هـ,مسجد السيدة زينب ع
حزن يتجدد,علي_حمادي,,1434 هـ,موكب ماتم بن خميس - السنابس - البحرين\n\nحمادي ميديا\nالتسجيل الصوتي: خادم أهل البيت
حزن يتجدد,علي_حمادي,,1434 هـ,موكب المقشع - البحرين\n\nحمادي ميديا
خطيئة الزمن,صالح_الدرازي,,1434 هـ,حسينية الولاية - الكويت
ربيع البقيع الممزق,"صالح_الدرازي, صالح_الشيخ",,1421 هـ,موكب ماتم بن سلوم - المنامة - البحرين
طفلة صبر,"سيد_حسين_المالكي, سيد_حسين_الموسوي",وفاة السيدة رقية سلام الله عليها \nليلة 5 صفر - 1433  هـ\nمأتم الإثني عشرية - بني جمرة,1433  هـ,
مآسينا,الشيخ_حسين_الأكرف,,1426 هـ,
قنسرين,الشيخ_حسين_الأكرف\nإصدار,,1430 هـ,
شاطئ الإيثار,الشيخ_حسين_الأكرف\nشهر,,1424 هـ,
أميرة الشام,صالح_الدرازي,وفاة السيدة رقية سلام الله عليها\nليلة 4 صفر - 1426 هـ\nمأتم الإثني عشرية - بني جمرة,1426 هـ,
يتيمة الحسين,صالح_الدرازي,وفاة السيدة رقية سلام الله عليها \nليلة 4 صفر - 1425 هـ\nمأتم الإثني عشرية - بني جمرة,1425 هـ,
الجرح يرميك,سيد_هاني_الوداعي\nوفاة,وفاة السيدة رقية سلام الله عليها  1434 هـ\nالحسينية الاثني عشرية - بني جمرة\n\nالتسجيل الصوتي : علي حمد و حسن حمد,1434 هـ,حسينية الاثني عشرية - بني جمرة\n\nالتسجيل الصوتي : علي حمد و حسن حمد
حب أهل البيت يجري في عروقي,"الشيخ_حسين_الأكرف, مهدي_سهوان",,1416 هـ,موكب ماتم بن سلوم - المنامة - البحرين
قرآنك عاشوراء,جعفر_الدرازي,,1423 هـ,حسينية الحيدرية - المحرق\n\nتسجيل : سيد حيدر
أيها القيد تحطم,"جعفر_الدرازي, عبدالشهيد_الثور\nووقفات, صالح_الدرازي",,1422 هـ,موكب عزاء مأتم بن سلوم - المنامة\n\nتسجيل : محمد سلمان
علمنا الطف رسالة,"الشيخ_حسين_الأكرف, مهدي_سهوان",,1415 هـ,موكب قرية عذاري - البحرين
رتلناك علي ترتيل القرآن,"جعفر_الدرازي, فوزي_الدرازي\nووقفات, جعفر_القشعمي",,1420 هـ,موكب عزاء مأتم الحاج عباس - المنامة
إفراق المحب,صالح_الدرازي\nليلة,,1434 هـ,
أيها القيد تكسر,صالح_الدرازي\nليلة,,1416 هـ,موكب عزاء ماتم بن سلوم - المنامة
قناديل الدموع,صالح_الدرازي\nليلة,,1423 هـ,حسينية الحيدرية- دولة الكويت
يبن الشهيد,علي_حمادي,,1446 هـ,موكب عزاء ماتم الحاج عباس - المنامة \n\nحمادي ميديا
,مهدي_سهوان,,1446 هـ,
كربلاء النصر,علي_حمادي,,1446 هـ,موكب عزاء الحياك  - المحرق - البحرين\n\nحمادي ميديا
,مهدي_سهوان,,1446 هـ,ماتم كرزكان للرجال - كرزكان - البحرين\n\nالتسجيل الصوتي: حسين المقابي \nالهندسة الصوتية: محمد سلمان
مالك النهر,علي_حمادي,,1446 هـ,موكب عزاء النعيم  - البحرين\n\nحمادي ميديا
,مهدي_سهوان,,1446 هـ,حسينية الأمير - الجنبية - البحرين\n\nالتسجيل الصوتي: حسين المقابي \nالهندسة الصوتية: محمد سلمان
إنا مع الحسين,علي_حمادي,,1446 هـ,موكب عزاء ماتم بن سلوم - المنامة - البحرين\n\nحمادي ميديا
طلبناك,صالح_الدرازي\nيوم,,1428 هـ,ماتم الحاج منصور بن نايم - الحياك المحرق
شيعة السجاد,صالح_الدرازي\nيوم,,1432 هـ,موكب عزاء الدراز - البحرين\n\nتسجيل : محمد سلمان
,الشيخ_حسين_الأكرف,,1445 هـ,
,الشيخ_حسين_الأكرف,,1445 هـ,
,الشيخ_حسين_الأكرف,,1445 هـ,
,الشيخ_حسين_الأكرف,,1445 هـ,
,الشيخ_حسين_الأكرف,,1445 هـ,
دم عاشوراء,"الشيخ_حسين_الأكرف, عبد_الشهيد_الثور\nو, مهدي_سهوان",,1416 هـ,
أبداً ياحسين,الشيخ_حسين_الأكرف,,1423 هـ,حسينية البلوش - الكويت
حياتنا حسين,علي_حمادي,,1446 هـ,ماتم بن خميس - السنابس - البحرين\n\nحمادي ميديا
نبقى على العهد,علي_حمادي,,1446 هـ,ماتم سار الكبير - سار - البحرين\n\nحمادي ميديا
مع الحسين أبدا,علي_حمادي,,1446 هـ,ماتم السنابس - السنابس - البحرين\n\nحمادي ميديا
جراح العسكري,صالح_الدرازي,ذكرى استشهاد الامام الحسن العسكري(ع)\nموكب عزاء ماتم الحاج عباس - المنامة,1432 هـ,موكب عزاء ماتم الحاج عباس - المنامة
,الشيخ_حسين_الأكرف,,1446 هـ,
زينب الصابرة 1,"مهدي_سهوان, سيد_ابراهيم_الستري\n#يوسف_الرومي, سيد_شرف_الستراوي",استشهاد السيدة زينب (ع)  1434 هـ\nماتم حمد - واديان - سترة - البحرين,1434 هـ,ماتم حمد - واديان - سترة - البحرين
سليب الرداء,الشيخ_حسين_الأكرف,,1425 هـ,حسينية البلوش - الكويت
سلام يا أبا الشيب الخضيب,الشيخ_حسين_الأكرف,,1427 هـ,موكب عزاء الدراز - قرية الدراز
عليك الأرض تبكي ياحسين ألما,الشيخ_حسين_الأكرف,,1426 هـ,موكب عزاء مأتم بن سلوم - المنامة
صوت تفجر,صالح_الدرازي,,,
صوت تفجر,صالح_الدرازي,,1416 هـ,موكب عزاء مأتم بن سلوم - المنامة
من تمر زفة شباب,"علي_حمادي, جعفر_الدرازي",,1423 هـ,موكب عزاء مأتم الحاج عباس - المنامة
إني أنا العباس,"الشيخ_حسين_الأكرف, سيد_مصطفى_الموسوي",,1430هـ,موكب النعيم الموحد - قرية النعيم
خذ بكفيك لواء الحمد عباس,الشيخ_حسين_الأكرف,,1424 هـ,موكب عزاء مأتم حجي عباس - المنامة
عودي بالغضب الهادر والثورة,صالح_الدرازي,,1424 هـ,موكب عزاء النعيم - قرية النعيم
بأمان الله يبن أمي,صالح_الدرازي,,1427 هـ,موكب عزاء مأتم بن سلوم - المنامة
وصدقت النحور,صالح_الدرازي,,1426 هـ,مسجد السيدة زينب (ع) - مدينة الزهراء
عين محمد,الشيخ_حسين_الأكرف,,1426 هـ,حسينية البلوش - الكويت
قد بكت عين محمد,الشيخ_حسين_الأكرف,,1426 هـ,موكب عزاء مأتم حجي عباس - المنامة
و كأني بك حائر,الشيخ_حسين_الأكرف,,1428 هـ,
سفير الحسين,الشيخ_حسين_الأكرف,,1425 هـ,
يا كربلاء العطاء,الشيخ_حسين_الأكرف,,1424 هـ,
عاهدنا بالدم,صالح_الدرازي,,1429 هـ,
أذنت للعزاء,"حسين_عبد_الرسول, مهدي_سهوان\nليلة",,1423 هـ,موكب عزاء مأتم بن سلوم - المنامة
عفير الجبين,"سيد_شرف_الستراوي, يوسف_الرومي",,1435 هـ,موكب عزاء ماتم الحاج عباس - المنامة\n\nالتسجيل الصوتي : محمد سلمان \nالهندسة الصوتية : سيد حيدر
كذب القائلون أنكم زائلون,"الشيخ_حسين_الأكرف, عبدالجبار_الدرازي\nليلة",,1423 هـ,موكب عزاء مأتم بن سلوم - المنامة \n\nتسجيل : محمد سلمان
قاسماه يا صغيري,"الشيخ_حسين_الأكرف, صالح_الدرازي\nوقفات, سيد_ابراهيم_الستري",,1422 هـ,موكب عزاء مأتم بن سلوم - المنامة\n\nتسجيل : محسن الدقاق
رغم الجراح,علي_حمادي,,1433 هـ,
شمس العلا,"علي_حمادي, أحمد_العويناتي\n\nاصدار",,1436 هـ,
بكاء جبريل,صالح_الدرازي,,1433 هـ,حسينية البلوش - دولة الكويت
قاسميون الهوى,جعفر_الدرازي,,1433 هـ,ماتم جدعلي - البحرين
عهداً يا عاشوراء,"صالح_الدرازي, جعفر_الدرازي, الشيخ_حسين_الأكرف",,1422 هـ,
عهداً يا عاشوراء,صالح_الدرازي,,1421 هـ,موكب عزاء ماتم بن سلوم - المنامة
لن تموت كربلاء,علي_حمادي,,1440 هـ,موكب عزاء ماتم بن سلوم - المنامة
في حسين لا تلومونا,علي_حمادي,,1445 هـ,موكب عزاء ماتم بن سلوم - المنامة
أمنا الزهراء,صالح_الدرازي,استشهاد فاطمة الزهراء (ع) - عام 1434 هـ\nمركز الولاية الاسلامي -  دولة الكويت \n\nالهندسة الصوتية بإشراف : محمد جراغ,1434 هـ,
الوداع الأخير,"الشيخ_حسين_الأكرف, صالح_الدرازي",,1423 هـ,
منك يا تاج العلا,جعفر_الدرازي,,1412 هـ,موكب عزاء شباب حجي عباس
قوم الـ زينب,علي_حمادي,,1445 هـ,موكب عزاء الحياك - المحرق
أقدم يا قمر العاشر,"صالح_الدرازي\n, علي_حمادي",,1422 هـ,موكب عزاء ماتم بن سلوم - المنامة
قد رسمنا الدرب من دم علي,الشيخ_حسين_الأكرف,,1415 هـ,موكب عزاء مأتم بن سلوم - المنامة
أختاه زينب,"صالح_الدرازي, جعفر_الدرازي, عبد_الأمير_البلادي",,1421 هـ,موكب عزاء ماتم بن سلوم - المنامة\n\nجميع التراكات بالترتيب
الصابرة 1,يوسف_الرومي\n\nوفاة,وفاة ام البنين (ع)  - 1434 هـ  \nحسينية الامام الباقر - هيئة موكب بوري\n\nالهندسة الصوتية : محمد سلمان,1434 هـ,حسينية الامام الباقر - هيئة موكب بوري\n\nالهندسة الصوتية : محمد سلمان
أرواحنا حيدرية,علي_حمادي,ذكرى استشهاد أمير المؤمنين الامام علي(ع) \nليلة 20 رمضان 1445 هـ\nموكب ماتم بن سلوم - المنامة\n\nالهندسة الصوتية : علي النينون,1445 هـ,موكب ماتم بن سلوم - المنامة\n\nالهندسة الصوتية : علي النينون
أرواحنا حيدرية,علي_حمادي,ذكرى استشهاد أمير المؤمنين الامام علي(ع) \nليلة 20 رمضان 1445 هـ\nموكب ماتم بن سلوم - المنامة\n\nالتسجيل الصوتي : حسين المقابي \nالهندسة الصوتية : محمد سلمان,1445 هـ,موكب ماتم بن سلوم - المنامة\n\nالتسجيل الصوتي : حسين المقابي \nالهندسة الصوتية : محمد سلمان
,يوسف_الرومي\n,ذكرى استشهاد أمير المؤمنين الامام علي(ع) \nليلة 21 رمضان 1445 هـ\nموكب عزاء واديان - سترة\n\nالهندسة الصوتية : علي مبارك \n\nأول مشاركة شارك بكتابتها الشيخ بشار العالي بعد غياب لسنوات عن كتابة قصائد المواكب,1445 هـ,موكب عزاء واديان - سترة\n\nالهندسة الصوتية : علي مبارك \n\nأول مشاركة شارك بكتابتها الشيخ بشار العالي بعد غياب لسنوات عن كتابة قصائد المواكب
,يوسف_الرومي\n,ذكرى استشهاد أمير المؤمنين الامام علي(ع) \nليلة 21 رمضان 1445 هـ\nموكب عزاء واديان - سترة\n\nالتسجيل الصوتي : حسين المقابي \nالهندسة الصوتية : محمد سلمان \n\nأول مشاركة شارك بكتابتها الشيخ بشار العالي بعد غياب لسنوات عن كتابة قصائد المواكب,1445 هـ,موكب عزاء واديان - سترة\n\nالتسجيل الصوتي : حسين المقابي \nالهندسة الصوتية : محمد سلمان \n\nأول مشاركة شارك بكتابتها الشيخ بشار العالي بعد غياب لسنوات عن كتابة قصائد المواكب
لبيك اللهم لبيك,"سيد_شرف_الستراوي, يوسف_الرومي",,1434 هـ,
زينبيات كربلائيات,"علي_حمادي, جعفر_سهوان",استشهاد السيدة زينب (ع) \nليلة 16 رجب 1433 هـ \nماتم السنابس - البحرين,1433 هـ,ماتم السنابس - البحرين
ثورة الدم,علي_حمادي,استشهاد السيدة زينب (ع) \nليلة 15 رجب 1433 هـ \nموكب قرية بوري - البحرين,1433 هـ,موكب قرية بوري - البحرين
قدوتي فاطمة,علي_حمادي,استشهاد فاطمة الزهراء (ع) \nليلة 15 جمادة الاول  1434 هـ \nماتم بن شبيب - السهلة\n\nالتسجيل الصوتي : حسن مرهون\nالهندسة الصوتية : محسن الدقاق,1434 هـ,ماتم بن شبيب - السهلة\n\nالتسجيل الصوتي : حسن مرهون\nالهندسة الصوتية : محسن الدقاق
سر النصر,مهدي_سهوان,,1427 هـ,
شيعة السجاد,صالح_الدرازي\nيوم,,1432 هـ,موكب عزاء الدراز - البحرين
وداع مكة,الشيخ_حسين_الأكرف,,1427 هـ,
,علي_حمادي,,1445 هـ,موكب ماتم بن خميس - السنابس\n\nالتسجيل و الهندسة الصوتية : علي مبارك
,"مهدي_سهوان, عبد_الشهيد_الثور, ياسر_ياسين_نصر\n\nليلة",استشهاد أمير المؤمنين الإمام علي (ع)\nموكب ماتم بن خميس - السنابس\n\nالتسجيل الصوتي : حسين المقابي \nالهندسة الصوتية  : محمد سلمان,1445 هـ,موكب ماتم بن خميس - السنابس\n\nالتسجيل الصوتي : حسين المقابي \nالهندسة الصوتية  : محمد سلمان
قد رفعنا لواء الثار,علي_حمادي,,1444 هـ,موكب ماتم بن خميس - السنابس
منحة السماء,"علي_حمادي, عبد_الأمير_البلادي",استشهاد فاطمة الزهراء (ع) 1426 هـ\nالحسينية الحيدرية - الكويت\n\nالهندسة الصوتية : عبدالله مبارك,1426 هـ,حسينية الحيدرية - الكويت\n\nالهندسة الصوتية : عبدالله مبارك
صفحات,علي_حمادي,,1430 هـ,
,"أيمن_المقابي, سيد_حسين_المالكي\nليلة",ذكرى استشهاد الامام علي(ع)\nماتم المقشع - موكب قرية المقشع\n\nالتسجيل الصوتي : حسين المقابي \nالهندسة الصوتية : محمد سلمان,1445 هـ,ماتم المقشع - موكب قرية المقشع\n\nالتسجيل الصوتي : حسين المقابي \nالهندسة الصوتية : محمد سلمان
متى يا ابن طه,الشيخ_حسين_الأكرف\nالشعراء,استشهاد الإمام الحسن العسكري(ع) \nموكب صدد المركزي (12),1427 هـ,موكب صدد المركزي (12)
النور العظيم,سيد_هاني_الوداعي\nاستشهاد,استشهاد الإمام علي الهادي ( ع ) 1428 هـ\nحسينية الولاية - الكويت\n\nالهندسةالصوتية: عبدالله مبارك,1428 هـ,حسينية الولاية - الكويت\n\nالهندسةالصوتية: عبدالله مبارك
مع الخالدين,مهدي_سهوان,,1445 هـ,ماتم القائم (ع) - أسكان عالي\n\nالتسجيل الصوتي : حسين المقابي \nالهندسة الصوتية  : محمد سلمان
على خط الولاية,مهدي_سهوان,,1445 هـ,ماتم الإمام علي (ع) - أبو قوة\nتحت فعالية [ فقهاء العصر ]\n\nالتسجيل الصوتي : حسين المقابي \nالهندسة الصوتية  : محمد سلمان
زين العباد,الشيخ_حسين_الأكرف,ذكرى استشهاد الإمام زين العابدين (ع) - 1425 هـ\nجامع الإمام الحسين (ع) - الكويت,1425 هـ,
الراية العسكرية,"علي_حمادي, عبد_الأمير_البلادي",استشهاد الامام الحسن العسكري (ع) \n ليلة 9 ربيع الأول 1436 هـ\nموكب صدد المركزي (20)\nقرية صدد - البحرين\n \nالهندسة الصوتية : محمود سعيد,1436 هـ,موكب صدد المركزي (20)\nقرية صدد - البحرين\n \nالهندسة الصوتية : محمود سعيد
الأمان الأمان يا إمام الزمان,علي_حمادي,استشهاد السيدة زينب سلام الله عليها\nموكب عزاء النعيم - قرية النعيم,1421 هـ,موكب عزاء النعيم - قرية النعيم
السلام على الكاظم,سيد_هاني_الوداعي\nاستشهاد,استشهاد الإمام موسى الكاظم ( ع )\nليلة ثاني 26 رجب 1429 هـ 2008 م\nمسجد فاطمة الزهراء - مدينة الزهراء 4,1429 هـ,مسجد فاطمة الزهراء - مدينة الزهراء 4
السلام على الكاظم,سيد_هاني_الوداعي\nاستشهاد,استشهاد الإمام موسى الكاظم ( ع )\nليلة 25 رجب 1429 هـ 2008 م\nموكب قرية كرزكان - البحرين,1429 هـ,موكب قرية كرزكان - البحرين
كلنا يا حسين,صالح_الدرازي,,1431 هـ,موكب عزاء مأتم بن سلوم - المنامة
عاصمة الصبر,الشيخ_حسين_الأكرف,وفاة السيدة أم البنين (ع) 1429 هـ\nمأتم السنابس - البحرين \n\nالهندسة الصوتية : عبدالله مبارك,1429 هـ,
عاصمة الصبر,الشيخ_حسين_الأكرف,وفاة السيدة أم البنين (ع) 1429 هـ\nمأتم السنابس - البحرين \n\nالهندسة الصوتية : سيد حيدر,1429 هـ,
عاصمة الصبر,الشيخ_حسين_الأكرف,وفاة السيدة أم البنين (ع) 1429 هـ\nمأتم السنابس - البحرين \n\nالهندسة الصوتية : علي ضيف,1429 هـ,
راحل مسموم,علي_حمادي,,1435 هـ,ماتم الامام الرضا (ع) - المالكية\n\nالهندسة الصوتية: خدمة اهل البيت ع\n محمد سلمان
الأسى والشجن,علي_حمادي,,1435 هـ,موكب عزاء مركوبان - سترة
مع الهداة مدى الحياة,مهدي_سهوان\nوفاة,وفاة أم المؤمنين السيدة خديجة وذكرى وفاة مؤمن قريش ابو طالب 1427 هـ\nهيئة مؤمن الإسلامية\nماتم الامام المنتظر (ع) - الدير - البحرين,1427 هـ,ماتم الامام المنتظر (ع) - الدير - البحرين
إنهم مسؤولون,الشيخ_حسين_الأكرف,,1430 هـ,
إنهم مسؤولون,الشيخ_حسين_الأكرف,,1430 هـ,
إنهم مسؤولون,الشيخ_حسين_الأكرف,,1430 هـ,
عظم الله لك الأجر محمد,صالح_الدرازي\nليلة,,1424 هـ,موكب عزاء مأتم بن سلوم - المنامة
الحسين يوحدنا 1,"سيد_علوي_أبو_غايب, أبو_غايب\n#الشيخ_حسين_الأكرف, عبد_الأمير_البلادي",,1430 هـ,موكب البحرين الموحد \nماتم سار الكبير - سار - البحرين
من مثلك ناصر ؟,يوسف_الرومي,,1431 هـ,موكب عزاء قرية كرزكان
يا صوت العدالة,علي_حمادي\nليلة,,1437 هـ,ماتم الحاج حسن العالي - قرية عالي\nهيئة عالي\n\nالهندسة الصوتية: محمود سعيد
مصائب زينب,علي_حمادي\nليلة,ذكرى وفاة السيدة زينب عليها السلام\nالإعادة في ماتم الامام علي (ع) - أبو قوة,1424 هـ,ماتم الامام علي (ع) - أبو قوة
مصائب زينب,علي_حمادي\nليلة,ذكرى وفاة السيدة زينب عليها السلام\nموكب عزاء بني جمرة\n\nأعاد الرادود علي حمادي هذا الشريط في الليلة الثانية في ماتم الامام علي ع - أبو قوة,1424 هـ,موكب عزاء بني جمرة\n\nأعاد الرادود علي حمادي هذا الشريط في الليلة الثانية في ماتم الامام علي ع - أبو قوة
أم أبو فاضل حزينة,علي_حمادي\nليلة,ذكرى وفاة السيدة أم البنين سلام الله عليها\nماتم بن خميس - السنابس,1424 هـ,ماتم بن خميس - السنابس
هلالك من نظرتة,علي_حمادي\nليلة,,1437 هـ,مسجد الامام علي (ع) - بني جمرة\n\nالتسجيل: علي مبارك\nالهندسة الصوتية : محمد سلمان
حرمة الإسلام,الشيخ_حسين_الأكرف,,1428 هـ,موكب عزاء مأتم بن سلوم - المنامة
إنهم مسؤولون,الشيخ_حسين_الأكرف,,1430 هـ,موكب صدد المركزي ( 15 ) \n قرية صدد - البحرين
روح الحسين,الشيخ_حسين_الأكرف,,1425 هـ,
رزء الرحيل,"صالح_الدرازي, أحمد_قربان",استشهاد الامام الحسن العسكري (ع) \nعام 2014 م - 1435 هـ\nمركز الرسالة الإسلامي - الكويت,1435 هـ,
مهدوي العذاب,الشيخ_حسين_الأكرف\nذكرى,,1426 هـ,موكب عزاء صدد المركزي ( 11 )\n قرية صدد - البحرين
من هموم لهموم,الشيخ_حسين_الأكرف\nذكرى,,1426 هـ,موكب عزاء مأتم سنابس الشرقية - البحرين
,سيد_هاني_الوداعي\nاستشهاد,استشهاد الإمام جعفر الصادق ( ع )\nيوم 25 شوال 1445 هـ عصراً\nموكب ماتم بن خميس - السنابس - البحرين\n\nالتسجيل الصوتي : حسين المقابي\nالهندسة الصوتية : محمد سلمان,1445 هـ,موكب ماتم بن خميس - السنابس - البحرين\n\nالتسجيل الصوتي : حسين المقابي\nالهندسة الصوتية : محمد سلمان
إنا صمود كالحسين,علي_حمادي\nليلة,,1433 هـ,موكب عزاء قرية كرباباد - البحرين\n\nالهندسة الصوتية : محسن الدقاق
لبيك يا محمد,الشيخ_حسين_الأكرف,,1427 هـ,مسجد الإمام الحسين (ع) - الكويت
احفظ اللهم زوار الحسين,"صالح_الدرازي\n, سيد_حسين_المالكي",,1431 هـ,موكب عزاء ماتم بن سلوم - المنامة\n\nالهندسة الصوتية : سيد محمد الشهركاني\n\nأعاد الرادود صالح الدرازي هذه المشاركة وحيداً في الليلة الثانية في ماتم جبلة حبشي و كان الشريط بأسم [ رجوع الراس ]
دم المنحر,الشيخ_حسين_الأكرف,,1425 هـ,حسينية الولاية - الكويت\n\nالهندسة الصوتية : عبدالله مبارك
قصدناك,الشيخ_حسين_الأكرف,,1426 هـ,حسينية الولاية - الكويت\n\nالهندسة الصوتية : محسن الدقاق
ألم العاشر,"صالح_الدرازي\n, علي_حمادي",,1440 هـ,موكب عزاء النعيم - البحرين\n\nالهندسة الصوتية : شريف المرهون
زينب حديث الدهر,الشيخ_حسين_الأكرف,,1430 هـ,موكب عزاء سترة - القرية عصراً
ونبقى مع الهادي,الشيخ_حسين_الأكرف,,1429هـ,موكب عزاء مأتم الحاج عباس - المنامة
يم قبور الأحبة,يوسف_الرومي\nالاربعين,,1432 هـ,ماتم جبلة حبشي - البحرين\n\nالهندسة الصوتية : محسن الدقاق
علمينا كربلاء,الشيخ_حسين_الأكرف,,1422 هـ,
دموع الصادق,صالح_الدرازي\n\nالهندسة,,1427  هـ,
خاتم الانبياء,"علي_حمادي, عبد_الأمير_البلادي",,1435 هـ,
سلمية,سيد_هاني_الوداعي\nاستشهاد,استشهاد الإمام الحسن ( ع )\nليلة 8 صفر 1433 هـ\nالمالكية\n\nالهندسة الصوتية : محسن الدقاق,1433 هـ,
,حسين_عبد_الرسول,وفاة السيدة زينب عليها السلام\nليلة 16 رجب 1423 هـ\nمأتم الإمام علي(ع) - أبو قوة,1423 هـ,
دم عاشوراء,"صالح_الدرازي, جعفر_الدرازي",ذكرى استشهاد السيدة زينب (ع)\nليلة 16 رجب 1417 هـ 1996م\n مأتم أبو قوة,1417 هـ,
الا ياقلعة الاصرار يازينب,صالح_الدرازي\nذكرى,ذكرى استشهاد السيدة زينب (ع)\nيوم 15 رجب 1417هـ 1996م\n مأتم بن خميس,1417هـ,
صيحة جبريل,"علي_حمادي, عبد_الأمير_البلادي\nاستشهاد",استشهاد الأمام علي (ع) - 1435 هـ\nماتم الامام علي (ع) - ابو قوة\n\nالهندسة الصوتية : محسن الدقاق,1435 هـ,ماتم الامام علي (ع) - ابو قوة\n\nالهندسة الصوتية : محسن الدقاق
نبقى وياك حتى القيامة,سيد_محمد_ال_عدنان\nذكرى,,1430 هـ,
ردينا يخويه حسين,سيد_حسين_المالكي\nالاربعين,,1432 هـ,
عادت الذكرى,سيد_حسين_المالكي\nوفاة,وفاة أولاد مسلم (ع) 26 صفر 1432 هـ\nالبلاد,1432 هـ,
كلما ليل مضى,"علي_حمادي, نزار_الدرازي",استشهاد الامام علي (ع) - ليلة الوفاة\nموكب عزاء النعيم - قرية النعيم,1420 هـ,موكب عزاء النعيم - قرية النعيم
أعطيناك فاطمة,صالح_الدرازي\nليلة,,1426 هـ,مسجد فاطمة الزهراء ع - مدينة الزهراء ع
ما تركناه,علي_حمادي\nليلة,استشهاد الامام علي (ع) - ليلة الضربة\nحسينية الحاج احمد بن خميس - البحرين\n\nالتسجيل الصوتي : حسين المقابي \nالهندسة الصوتية : محمد سلمان,1445 هـ,حسينية الحاج احمد بن خميس - البحرين\n\nالتسجيل الصوتي : حسين المقابي \nالهندسة الصوتية : محمد سلمان
دليل الحيارى,صالح_الدرازي\nيوم,,1431 هـ,موكب عزاء سترة - القرية
يا ليلة القدر الحزينة,"صالح_الدرازي\nبمشاركة, جعفر_الدرازي",استشهاد الامام علي عليه السلام \nليلة 21 رمضان 1418 هـ\nموكب مأتم بن سلوم - المنامة,1418 هـ,موكب مأتم بن سلوم - المنامة
بفؤادي لا فتى إلا علي,الشيخ_حسين_الأكرف\nليلة,,1423 هـ,موكب الدراز الموحد
حليلة حيدر,الشيخ_حسين_الأكرف\nوفاة,وفاة أم البنين(ع) 1426 هـ,1426 هـ,
حرمة الأسلام,الشيخ_حسين_الأكرف\nاستشهاد,استشهاد الإمام علي الهادي(ع) 1428 هـ - 2007 م\nالجفر - الإحساء,1428 هـ,
حزن عينيك,الشيخ_حسين_الأكرف\n2007,,,
حب مولانا علي لو تعلمون,الشيخ_حسين_الأكرف\nاستشهاد,استشهاد الإمام علي(ع) 1423 هـ - 2002 م\nمأتم بن سلوم,1423 هـ,
حقوق الأنسان في كربلاء,الشيخ_حسين_الأكرف\nليلة,,1426 هـ,
,سيد_محمود_الموسوي,وفاة أم المؤمنين السيدة خديجة وذكرى وفاة مؤمن قريش ابو طالب 1445 هـ\nمسجد السيدة خديجة - مدينة الزهراء - البحرين\n\nالتسجيل الصوتي : حسين المقابي \nالهندسة الصوتية : محمد سلمان,1445 هـ,مسجد السيدة خديجة - مدينة الزهراء - البحرين\n\nالتسجيل الصوتي : حسين المقابي \nالهندسة الصوتية : محمد سلمان
,مهدي_سهوان\nوفاة,وفاة أم المؤمنين السيدة خديجة وذكرى وفاة مؤمن قريش ابو طالب 1445 هـ\nموكب المالكية - البحرين\n\nالتسجيل الصوتي : حسين المقابي \nالهندسة الصوتية : محمد سلمان,1445 هـ,موكب المالكية - البحرين\n\nالتسجيل الصوتي : حسين المقابي \nالهندسة الصوتية : محمد سلمان
حيدر الوطن الأكبر,الشيخ_حسين_الأكرف,ذكرى استشهاد الامام علي عليه السلام \nليلة 22 رمضان 1422 هـ\nبمشاركة مرتضى الحلواجي\nمأتم الإمام علي(ع) - أبو قوة,1422 هـ,
باجر يتاماك,صالح_الدرازي,ذكرى استشهاد الامام علي (ع) \nليلة 20 رمضان 1443 هـ\nهيئة و موكب قرية بوري  - بوري - البحرين\n \nالتسجيل و الهندسة الصوتية : علي مبارك,1443 هـ,موكب قرية بوري  - بوري - البحرين\n \nالتسجيل و الهندسة الصوتية : علي مبارك
صبر العقيلة,"كميل_عاشور, طاهر_الدرازي\nوبمشاركة, سيد_حسين_المالكي",ذكرى استشهاد السيدة زينب (ع) 1445 هـ\nموكب و ماتم  الامام علي (ع)  - أبو قوة\n\nالتسجيل الصوتي : أحمد فخر \nالهندسة الصوتية : علي مبارك,1445 هـ,موكب و ماتم  الامام علي (ع)  - أبو قوة\n\nالتسجيل الصوتي : أحمد فخر \nالهندسة الصوتية : علي مبارك
يا شعب حيدر,صالح_الدرازي,ذكرى استشهاد الامام علي(ع) رمضان 1422 هـ 2001 م\nالاعادة _ الكويت,1422 هـ,
يا شعب حيدر,"صالح_الدرازي, غازي_العابد\nذكرى",ذكرى استشهاد الامام علي عليه السلام \nليلة 20 من شهر رمضان 1422 هـ 2001 م\nموكب مأتم بن سلوم - المنامة,1422 هـ,موكب مأتم بن سلوم - المنامة
ذكرى اليتامى,صالح_الدرازي,ذكرى استشهاد الامام علي (ع)\nليلة 19 رمضان عام 1430 هـ\nموكب ماتم بن سلوم - العاصمة المنامة\n\nمركز العرفان للتسجيلات الاسلامية,1430 هـ,موكب ماتم بن سلوم - العاصمة المنامة\n\nمركز العرفان للتسجيلات الاسلامية
إشتياق,سيد_هاني_الوداعي,,1430 هـ,
ملك النفوس,"الشيخ_حسين_الأكرف, عبد_الأمير_البلادي\n#علي_حمادي, مهدي_سهوان, أباذر_الحلواجي, سيد_هاني_الوداعي",,1431 هـ,
عشاق جعفر,"محمد_غلوم, مصطفى_علي\nاستشهاد",استشهاد الامام جعفر الصادق (ع) 1444 هـ\nموكب حسينية الحاج أحمد بن خميس - السنابس - البحرين\n\nالتسجيل الصوتي : حسين المقابي \nالهندسة الصوتية : محمد سلمان,1444 هـ,موكب حسينية الحاج أحمد بن خميس - السنابس - البحرين\n\nالتسجيل الصوتي : حسين المقابي \nالهندسة الصوتية : محمد سلمان
الثائرة,جعفر_الدرازي\n\nاستشهاد,استشهاد فاطمة الزهراء(ع) 1445 هـ\nالرواية الثالثة..\nماتم النعيم الغربي - النعيم - البحرين\n\nالتسجيل الصوتي : حسين المقابي \nالهندسةالصوتية : محمد سلمان,1445 هـ,ماتم النعيم الغربي - النعيم - البحرين\n\nالتسجيل الصوتي : حسين المقابي \nالهندسةالصوتية : محمد سلمان
دعاء الأنبياء,عبد_الأمير_البلادي\nمحرم,,1432 هـ,
بعلي يهتدون,الشيخ_حسين_الأكرف\n,استشهاد الامام علي (ع) - ليلة 19 رمضان 1429 هـ\nماتم السنابس الكبير\n\nالهندسة الصوتية: محسن الدقاق,1429 هـ,ماتم السنابس الكبير\n\nالهندسة الصوتية: محسن الدقاق
دمع وأنين,"عبد_الجبار_الدرازي\nبمشاركة, محمد_حسن\n\nوفاة",وفاة أم البنين سلام الله عليها 1430 هـ\nالموكب الزينبي بتاروت\nحسينية القلاف - جزيرة تاروت - القطيف,1430 هـ,موكب الزينبي بتاروت\nحسينية القلاف - جزيرة تاروت - القطيف
,,,,
حتى مطلع الفجر,الشيخ_حسين_الأكرف\nليلة,,1427 هـ,حسينية البلوش - الكويت\n\nالهندسة الصوتية: عبدالله مبارك
حملنا الرسالة الحسينية,الشيخ_حسين_الأكرف\nاستشهاد,استشهاد الإمام الكاظم(ع) 1439هـ\nحملة الديري - الكاظمية\nالشاعر : عبد الله القرمزي\n\nالهندسة الصوتية : محمود سعيد,1439هـ,حسينية ]\nالرادود : #الشيخ_حسين_الأكرف\nاستشهاد الإمام الكاظم(ع) 1439هـ\nحملة الديري - الكاظمية\nالشاعر : عبد الله القرمزي\n\nالهندسة الصوتية : محمود سعيد
حراس العقيدة,الشيخ_حسين_الأكرف\n\nكلمات,,1434 هـ,
حق العودة,الشيخ_حسين_الأكرف\nإصدار,,1429هـ,
حديث الضريح,الشيخ_حسين_الأكرف\nذكرى,,1431هـ,موكب بن سلوم المركزي - المنامة
جوهر الخلق,الشيخ_حسين_الأكرف,,1436 هـ,حسينية البلوش - الكويت\n\nالشريط بجودة السيدي
تسبيحة الزهراء,الشيخ_حسين_الأكرف\nذكرى,,1431 هـ,حسينية الفاطمية - العوامية
,,,,
جسر الأئمة,الشيخ_حسين_الأكرف\nذكرى,ذكرى استشهاد الإمام الكاظم(ع) 1426 هـ\nحسينية السبطين - الإحساء,1426 هـ,حسينية السبطين - الإحساء
صوت الألم,علي_حمادي\nاستشهاد,استشهاد الامام الكاظم (ع)  1435 هـ\nماتم البلاد القديم - البحرين\n\nالتسجيل الصوتي: حسن مرهون\nالهندسة الصوتية: محسن الدقاق,1435 هـ,ماتم البلاد القديم - البحرين\n\nالتسجيل الصوتي: حسن مرهون\nالهندسة الصوتية: محسن الدقاق
شهيد الحرية,علي_حمادي\nاستشهاد,استشهاد الامام الكاظم (ع)  1435 هـ\nموكب ماتم السنابس - البحرين\n\nالهندسة الصوتية: اللجنة الاعلامية للمأتم,1435 هـ,موكب ماتم السنابس - البحرين\n\nالهندسة الصوتية: اللجنة الاعلامية للمأتم
ويل لكل ظالم عنيد,علي_حمادي\nاستشهاد,استشهاد الامام الكاظم (ع)  1435 هـ\nموكب سترة - القرية - البحرين\n\nالهندسة الصوتية: محمود سعيد,1435 هـ,موكب سترة - القرية - البحرين\n\nالهندسة الصوتية: محمود سعيد
الصابرة الشاكية,"مهدي_سهوان, علي_حمادي",وفاة السيدة أم البنين (ع) - 1445 هـ\nماتم ال حسين - العكر\n\nالتسجيل الصوتي: حسين المقابي\nالهندسةالصوتية: محمد سلمان,1445 هـ,ماتم ال حسين - العكر\n\nالتسجيل الصوتي: حسين المقابي\nالهندسةالصوتية: محمد سلمان
دفن الكوثر,سيد_حسين_الموسوي\nاستشهاد,استشهاد فاطمة الزهراء (ع) - 1444 هـ\nماتم وليد الكعبة - موكب المحرق\n\nالتسجيل الصوتي: أحمد فخر\nالهندسةالصوتية: جرح الحسين,1444 هـ,ماتم وليد الكعبة - موكب المحرق\n\nالتسجيل الصوتي: أحمد فخر\nالهندسةالصوتية: جرح الحسين
زينب الصابرة 2,علي_حمادي\n#سيد_ابراهيم_الستري\n#يوسف_الرومي,استشهاد السيدة زينب (ع)  1435 هـ\nواديان - سترة - البحرين,1435 هـ,
صانعة النصر,علي_حمادي\nاستشهاد,استشهاد السيدة زينب (ع)  1436 هـ\nماتم الامام علي (ع) - أبو قوة - البحرين\n\nالهندسة الصوتية: محسن الدقاق,1436 هـ,ماتم الامام علي (ع) - أبو قوة - البحرين\n\nالهندسة الصوتية: محسن الدقاق
فاطمة البتول 11,"محمد_بومره, حسين_الحمد\n#مهدي_الخاطر\n#علي_غريب\nذكرى",ذكرى استشهاد فاطمة الزهراء (ع) ١٤٤٥ هـ - القطيف\nالهندسة الصوتية : حسين الدار,١٤٤٥ هـ,
حنين اليتيم,جعفر_الدرازي\n\nوفاة,وفاة السيدة رقية سلام الله عليها 1441 هـ\nحسينية أشبال الزهراء (ع) - راس رمان\n\nالهندسة الصوتية: حسن مرهون,1441 هـ,حسينية أشبال الزهراء (ع) - راس رمان\n\nالهندسة الصوتية: حسن مرهون
,علي_غريب\nليلة,وفاة السجاد 1433 هــ,1433 هـ,
ماتت يتيمة,رضي_العوى\nوفاة,وفاة السيدة المعصومة 1434 هـ \nموكب بقية الله الأعظم سيهات - القطيف,1434 هـ,موكب بقية الله الأعظم سيهات - القطيف
,عبدالحي_قمبر\nليلة,,1433 هـ,
تكبيرة العرش,الشيخ_حسين_الأكرف\nبمشاركة,,1421 هـ,
دم عاشوراء,الشيخ_حسين_الأكرف\nيوم,,1432 هـ,موكب الدراز الموحد عصراً
تحدت كلماتي,الشيخ_حسين_الأكرف\nوفاة,وفاة السيدة زينب(ع) 1432 هـ - 2011 م\nموكب الدراز الموحد عصراً\n\n\n(آخر مشاركة للشيخ حسين الأكرف في البحرين),1432 هـ,موكب الدراز الموحد عصراً\n\n\n(آخر مشاركة للشيخ حسين الأكرف في البحرين)
أم القمر,سيد_شرف_الستراوي,ذكرى وفاة السيدة أم البنين (ع) 1439 هـ\nمأتم بن عيد - سند - البحرين\n\nالهندسة الصوتية: حسن مرهون\nعدا الموشح من هندسة: جرح الحسين,1439 هـ,
قاضية الحاجات,يوسف_الرومي\nوفاة,وفاة السيدة أم البنين (ع ) 1436 هـ\nموكب سترة الخارجية - البحرين\n\nالهندسة الصوتية : علي مبارك,1436 هـ,موكب سترة الخارجية - البحرين\n\nالهندسة الصوتية : علي مبارك
الصامدة 5,"علي_حمادي, سيد_حسين_الموسوي\n#سيد_حسين_المالكي\n#فواز_عبد_النبي, يوسف_العشيري\n\nانتقل",وفاة السيدة أم البنين (ع) الى\n ذكرى وفاة السيدة زينب (ع) 1438 هـ\nموكب قرية سند - البحرين,1438 هـ,موكب قرية سند - البحرين
الصامدة 4,"حسن_نوروز, سيد_حسين_الموسوي\n#سيد_حسين_المالكي\n#سيد_حسن_البلادي, شاكر_الجنبي\n\n\nذكرى",ذكرى وفاة السيدة أم البنين (ع) 1437 هـ\nموكب قرية سند - البحرين,1437 هـ,موكب قرية سند - البحرين
الصامدة 3,"سيد_شرف_الستراوي, سيد_حسين_الموسوي\n#سيد_حسين_المالكي\n#سيد_توفيق_الوداعي\n\nذكرى",ذكرى وفاة السيدة أم البنين (ع) 1436 هـ\nموكب قرية سند - البحرين,1436 هـ,موكب قرية سند - البحرين
الصامدة 2,"سيد_شرف_الستراوي, سيد_حسين_الموسوي\n#سيد_حسين_المالكي\n#سيد_توفيق_الوداعي\n\nذكرى",ذكرى وفاة السيدة أم البنين (ع) 1435 هـ\nموكب قرية سند - البحرين,1435 هـ,موكب قرية سند - البحرين
الصامدة 1,أحمد_قربان\n#فواز_عبد_النبي\n#أحمد_الحلواجي\n#سيد_حسين_الموسوي\n#سيد_حسين_المالكي\n#سيد_توفيق_الوداعي\n\nذكرى,ذكرى وفاة السيدة أم البنين (ع) 1434 هـ\nموكب قرية سند - البحرين,1434 هـ,موكب قرية سند - البحرين
ما قالته الدموع,الشيخ_حسين_الأكرف\nذكرى,ذكرى استشهاد فاطمة الزهراء (ع) 1430 هـ\nموكب المحرق الموحد\n\nالهندسة الصوتية: محسن الدقاق,1430 هـ,موكب المحرق الموحد\n\nالهندسة الصوتية: محسن الدقاق
الممتحنة 16,"علي_حمادي\n#مهدي_سهوان\n#عبد_الأمير_البلادي, سيد_حسين_الموسوي, كميل_عاشور",استشهاد فاطمة الزهراء (ع)  - 1445 هـ \nماتم سار الكبير\n\nالهندسة الصوتية: علي مبارك,1445 هـ,ماتم سار الكبير\n\nالهندسة الصوتية: علي مبارك
رحيل الوديعة,محمود_الشهابي,استشهاد فاطمة الزهراء (ع) - 1445 هـ\nموكب عزاء قرية الهملة - الهملة - ماتم الشباب\n\nالهندسة الصوتية: علي مبارك,1445 هـ,موكب عزاء قرية الهملة - الهملة - ماتم الشباب\n\nالهندسة الصوتية: علي مبارك
يا مدد الشهادة,"مهدي_سهوان, أباذر_الحلواجي",,1425 هـ,ماتم بن زبر - المنامة
شهيد السجون,صالح_الدرازي,استشهاد الإمام الكاظم (ع) - 1427 هـ\nموكب سترة - القرية,1427 هـ,موكب سترة - القرية
تذكر,الشيخ_حسين_الأكرف\n,,1428 هـ,
بين عباس و بيني,الشيخ_حسين_الأكرف\nشهر,,1439 هـ,
بلغنا الفتح,الشيخ_حسين_الأكرف\nليلة,,1433 هـ,حسينية الولاية - الكويت\n\nكلمات الموشح و القصيدة\nالشاعر : نادر التتان\n\nكلمات الموال و موال الخاتمة\nالشاعر : الملا عطية الجمري
بحق الحسن الزاكي,"أحمد_قربان, حسين_الجد\nاستشهاد",استشهاد الحسن الزكي (ع) - 1429 هـ\nالمالكية,1429 هـ,
سرى نعشها,"أحمد_قربان, حسن_قدسي\nليلة",,1430 هـ,
يامحمد ياصراط الإستقامة,"مهدي_سهوان, جعفر_سهوان\nليلة",استشهاد النبي (ص) - 1431 هـ\nكرانة,1431 هـ,
اودعتك الله,أحمد_قربان\nليلة,,1432 هـ,موكب الشهداء بالربيعية - القطيف
,"أحمد_قربان, مجتبى_تراب\nاستشهاد",استشهاد الامام الحسن (ع) - 1434 هـ\nموكب الشهداء بالربيعية - القطيف,1434 هـ,موكب الشهداء بالربيعية - القطيف
,كميل_عاشور\nاستشهاد,استشهاد الامام الجواد (ع) - 1432 هـ\nموكب الحوراء زينب - السنابس القطيف,1432 هـ,موكب الحوراء زينب - السنابس القطيف
هم فيه مختلفون,الشيخ_حسين_الأكرف\nليلة,,1427 هـ,
حزن الكاظم,سيد_حسين_المالكي\nاستشهاد,استشهاد الامام الكاظم (ع) - 1431 هـ\nموكب حجي عباس - المنامة,1431 هـ,موكب حجي عباس - المنامة
أم أبيها,صالح_الدرازي,,1424 هـ,ماتم الامام علي (ع) - أبوقوة - البحرين
أبو الغيرة,صالح_الدرازي,,1439 هـ,موكب عزاء قرية النعيم - البحرين\n\nالهندسة الصوتية : شريف المرهون
لك السلام,علي_حمادي,,1441 هـ,موكب الزنجيل - الحياك - المحرق
,مهدي_سهوان\n\nليلة,,1445 هـ,موكب ماتم بن سلوم المركزي
,سيد_شرف_الستراوي,,1438 هـ,موكب مسجد الزهراء (ع) - مدينة الزهراء\n\nالهندسة الصوتية : جرح الحسين
المقتل الأليم,"سيد_شرف_الستراوي, أحمد_الحلواجي\nليلة",,1440 هـ,موكب عزاء ماتم بن سلوم - المنامة - البحرين\n\nالهندسة الصوتية : جرح الحسين
شعوب الحسين,"مهدي_سهوان, سيد_هاني_الوداعي\nليلة",,1430 هـ,ماتم السنابس  - البحرين
بكاء السماء,الشيخ_حسين_الأكرف\nليلة,,1432 هـ,موكب بن سلوم المركزي - المنامة\n\nالهندسة الصوتية - محسن الدقاق
كونوا قرآنيون,علي_حمادي\nليلة,,1432 هـ,ماتم السنابس - البحرين
,يوسف_الرومي,,1438 هـ,موكب عزاء شباب السقية - البحرين\n\nالهندسة الصوتية : علي الحر
,"عبد_الأمير_البلادي, سيد_حسن_البلادي\nليلة",,1439 هـ,موكب عزاء ماتم بن سلوم - المنامة - البحرين\n\nالهندسة الصوتية : جرح الحسين
,حسن_نوروز\nليلة,,1439 هـ,موكب عزاء السقية الموحد - البحرين\n\nالهندسة الصوتية : جرح الحسين
وفاء زينب,سيد_هاني_الوداعي\nاستشهاد,استشهاد السيدة زينب (ع)\nليلة 16 رجب 1435 هـ\nماتم الامام علي (ع) - أبو قوة\n\n\nالتسجيل : محمد سلمان - جلال راشد\nالهندسة الصوتية : سيد حيدر,1435 هـ,ماتم الامام علي (ع) - أبو قوة\n\n\nالتسجيل : محمد سلمان - جلال راشد\nالهندسة الصوتية : سيد حيدر
,"يوسف_الرومي, سيد_ابراهيم_الستري\nيوم",,1441 هـ,موكب سترة واديان - البحرين\n\nالهندسة الصوتية : اللجنه الاعلامية
تربة الحسين,صالح_الدرازي,,1440 هـ,ماتم السنابس - البحرين\n\nالهندسة الصوتية : شريف المرهون
,صالح_الدرازي,,1439 هـ,ماتم السنابس - البحرين\n\nالهندسة الصوتية : شريف المرهون
,حسين_المحرقي\nليلة,,1441 هـ,موكب سترة واديان - البحرين\n\nالهندسة الصوتية : علي مبارك
سامح الله الجدار,"سيد_هاني_الوداعي, حسين_أحمد, صالح_الدرازي\n\nذكرى",,1428 هـ,ماتم الامام علي (ع)  - قرية ابو قوة - البحرين
عشاق المواكب,"صالح_الدرازي, علي_حمادي, جعفر_الدرازي, عباس_الغسرة\nمركزية",,1440 هـ,مسجد فاطمة الزهراء (ع) - مدينة الزهراء الدوار الرابع - البحرين\n\nالهندسة الصوتية : جرح الحسين
,صادق_العكراوي\nليلة,,1441 هـ,موكب سترة واديان - البحرين\n\nالهندسة الصوتية : علي مبارك
,يوسف_الرومي\nليلة,,1438 هـ,موكب سترة الخارجية - البحرين\n\nالهندسة الصوتية : علي الحر
ذبيح الله,"عبدالله_المطوع, علي_حمادي",,1437هـ,
أي جرح,الشيخ_حسين_الأكرف,,1426 هـ,
أولياء,الشيخ_حسين_الأكرف\nشهر,,1427 هـ,
نبكيك حسين,علي_حمادي\nذكرى,,1429 هـ,ماتم حمد - واديان - سترة
أجبر الخاطر,سيد_شرف_الستراوي\nاستشهاد,استشهاد الامام محمد الباقر (ع) - 1434 هـ\nهيئة وموكب عزاء قرية بوري - البحرين,1434 هـ,موكب عزاء قرية بوري - البحرين
يصعب اعليه الرحيل,علي_حمادي\nذكرى,,1430 هـ,مسجد مشرف - جدحفص\n\nالهندسة الصوتية : محسن الدقاق
بالأكفان لبيك,يوسف_الرومي\n\nذكرى,,1425 هـ,
الصابرة 11,صالح_الدرازي,وفاة السيدة ام البنين (ع)  - 1444 هـ \nحسينية الامام الباقر - هيئة موكب بوري\n\nالهندسة الصوتية : حسن مرهون,1444 هـ,حسينية الامام الباقر - هيئة موكب بوري\n\nالهندسة الصوتية : حسن مرهون
الصابرة 2,"أبو_سجاد_البوري\n#سيد_حسين_الموسوي, صالح_الشيخ, سيد_رياض_العلوي\n\nوفاة",وفاة ام البنين (ع)  - 1435 هـ \nحسينية الامام الباقر (ع) - هيئة موكب بوري,1435 هـ,حسينية الامام الباقر (ع) - هيئة موكب بوري
وما أدراك ما زينب,علي_حمادي\nاستشهاد,استشهاد السيدة زينب (ع)\nليلة 16 رجب 1431 هـ\nماتم الامام علي (ع) - أبو قوة\n\nهندسة صوتية مختلفة .. شبكة الحجة,1431 هـ,ماتم الامام علي (ع) - أبو قوة\n\nهندسة صوتية مختلفة .. شبكة الحجة
متى اللقاء ؟!,سيد_حسن_البلادي\nاستشهاد,استشهاد الامام محمد الجواد (ع) 1443 هـ\nموكب ماتم بن سلوم المركزي - العاصمة المنامة,1443 هـ,موكب ماتم بن سلوم المركزي - العاصمة المنامة
غاب باب المراد,"علي_حمادي, جعفر_سهوان\nاستشهاد",استشهاد الامام محمد الجواد (ع) 1437 هـ\nموكب حسينية الحاج أحمد بن خميس - السنابس - البحرين\n\nالهندسة الصوتية : محمد سلمان,1437 هـ,موكب حسينية الحاج أحمد بن خميس - السنابس - البحرين\n\nالهندسة الصوتية : محمد سلمان
ماء الحنين,الشيخ_حسين_الأكرف\nذكرى,ذكرى استشهاد فاطمة الزهراء (ع) \nليلة 14 جمادى الأول 1429 هـ 2008 م\nمسجد الزهراء - مدينة حمد الدوار (4)\n\nالهندسة الصوتية : محسن الدقاق,1429 هـ,مسجد الزهراء - مدينة حمد الدوار (4)\n\nالهندسة الصوتية : محسن الدقاق
آية النور,أحمد_قربان\nذكرى,ذكرى استشهاد فاطمة الزهراء (ع) - 1439 هـ\nمسجد فاطمة الزهراء (ع) -مدينة الزهراء الدوار الرابع - البحرين\n\nالهندسة الصوتية : جرح الحسين,1439 هـ,مسجد فاطمة الزهراء (ع) -مدينة الزهراء الدوار الرابع - البحرين\n\nالهندسة الصوتية : جرح الحسين
مع الأكبر,سيد_هاني_الوداعي\nليلة,,1440 هـ,موكب عزاء باربار - البحرين\n\nالهندسة الصوتية : جرح الحسين
إنها فاطمة,الشيخ_حسين_الأكرف\nذكرى,ذكرى وفاة السيدة فاطمة الزهراء (ع) 1428 هـ\nمأتم المؤمن - الدمام - السعودية\n\n\nالهندسة الصوتية : عبد الله مبارك\n\nملحوظة : في هذا الشريط الشيخ لم يكمل الشريط ( القى فقط فقرتين ) بسبب الحر الشديد و ضيق المكان و كثرة المعزين مما أدى إلى إعتذار الشيخ عن تكملة الشريط و تقبل المعزين الأمر ...,1428 هـ,
أول دمعة,الشيخ_حسين_الأكرف\nشهر,,1429 هـ,
بلقياك أغثنا,سيد_محمود_الموسوي\nاستشهاد,استشهاد الامام الحسن العسكري (ع) - 1438 هـ\nمسجد الشيخ ابراهيم العرفات - القديح \n\nالتسجيل و الهندسة الصوتية : علي مبارك و جلال راشد,1438 هـ,مسجد الشيخ ابراهيم العرفات - القديح \n\nالتسجيل و الهندسة الصوتية : علي مبارك و جلال راشد
وما أدراك ما زينب,علي_حمادي\nاستشهاد,استشهاد السيدة زينب (ع)\nليلة 16 رجب 1431 هـ\nماتم الامام علي (ع) - أبو قوة,1431 هـ,ماتم الامام علي (ع) - أبو قوة
وما أدراك ما زينب,علي_حمادي\nاستشهاد,استشهاد السيدة زينب (ع)\nليلة 15 رجب 1431 هـ\nماتم السنابس (موكب) - السنابس,1431 هـ,ماتم السنابس (موكب) - السنابس
يوم الحسين,علي_حمادي\nليلة,,1438 هـ,ماتم سار الكبير - سار\n\nالهندسة الصوتية : علي مبارك
عقيلة الكفاح,جعفر_الدرازي,وفاة السيدة زينب سلام الله عليها\nيوم 16 رجب 1421 هـ 2000 م\nحسينية الحاج احمد بن خميس - السنابس,1421 هـ,حسينية الحاج احمد بن خميس - السنابس
ردينا يا حسين,يوسف_الرومي\n\nليلة,,1426 هـ,موكب عزاء كرزكان
اودعتك الله,الشيخ_حسين_الأكرف\nماتم,,1432 هـ,ماتم الحاج حسن العالي - البحرين\nليلة ثاني من محرم - 1432 هـ\n\nالهندسة الصوتية : محسن الدقاق
خط الفقهاء,الشيخ_حسين_الأكرف\nذكرى,,1430 هـ,
يومئذ للحشر يبعثون,"صالح_الدرازي, سيد_حسين_المالكي\n\nيوم",,1430 هـ,موكب عزاء الدراز عصراً
حلم الأنبياء,صالح_الدرازي\n\nتأبين,,1429 هـ,
مداد السماء,يوسف_الرومي\n\nتأبين,,1438 هـ,ماتم القائم - اسكان عالي\n\nالهندسة الصوتية : علي مبارك
ندبة القلوب,سيد_شرف_الستراوي,استشهاد الامام العسكري (ع) - 1438 هـ\nموكب صدد المركزي (22)\n\nالهندسة الصوتية : محمود سعيد,1438 هـ,موكب صدد المركزي (22)\n\nالهندسة الصوتية : محمود سعيد
كهف المؤمنين,سيد_شرف_الستراوي,استشهاد الامام العسكري (ع) - 1441 هـ\nموكب صدد المركزي (25)\n\nالتسجيل: استوديو الترابي \nالهندسة الصوتية : جرح الحسين,1441 هـ,موكب صدد المركزي (25)\n\nالتسجيل: استوديو الترابي \nالهندسة الصوتية : جرح الحسين
أم فاطمة,سيد_حسين_المالكي\nوفاة,وفاة السيدة خديجة سلام الله عليها 1436 هـ\nمسجد السيدة خديجة ع\n\nالهندسة الصوتية : علي مبارك,1436 هـ,مسجد السيدة خديجة ع\n\nالهندسة الصوتية : علي مبارك
حركينا ثورة العاشر,حسين_عبد_الرسول\nليلة,,1437 هـ,
وعد الله,سيد_شرف_الستراوي,استشهاد الامام العسكري (ع) - 1440 هـ\nموكب صدد المركزي (24)\n\nالهندسة الصوتية : جرح الحسين,1440 هـ,موكب صدد المركزي (24)\n\nالهندسة الصوتية : جرح الحسين
سر الإنتصار,علي_حمادي\nذكرى,,1433 هـ,ماتم فاطمة الزهراء (ع) - المعامير
آخر الكلام,الشيخ_حسين_الأكرف\nليلة,,1436 هـ,حسينية البلوش - الكويت
أوراق العطش,الشيخ_حسين_الأكرف\nشهر,,1436 هـ,
أفجع مصاب,"صالح_الدرازي, جعفر_الدرازي\n\nليلة",,1436 هـ,حسينية البلوش - دولة الكويت
صور الذكرى,صالح_الدرازي,,1437 هـ,موكب عزاء النعيم - البحرين\n\nالهندسة الصوتية : شريف المرهون
روح أحمد,حسن_نوروز\nوفاه,,1437 هـ,مسجد السيدة خديجة \n\nالهندسة الصوتية : علي مبارك
,سيد_حسين_المالكي\nليلة,,1438 هـ,موكب ماتم بن سلوم - المنامة\n\nالهندسة الصوتية : علي مبارك
يا معز المؤمنين,سيد_هاني_الوداعي\nاستشهاد,استشهاد الامام الحسن الزكي - 1439 هـ\nموكب المالكية - البحرين\n\nالهندسة الصوتية : جرح الحسين,1439 هـ,موكب المالكية - البحرين\n\nالهندسة الصوتية : جرح الحسين
يا سامراء جئناك بالدمع الأحمر,علي_حمادي\nاستشهاد,استشهاد الامام محمد الجواد (ع) ليلة 29 ذو القعدة 1422 هـ\nموكب عزاء ماتم الحاج عباس - المنامة,1422 هـ,موكب عزاء ماتم الحاج عباس - المنامة
عمة يا زينب,"يوسف_الرومي, علي_حمادي\nليلة",,1425 هـ,موكب عزاء النعيم  - البحرين
أبا الفضل أسقنا قطرة,يوسف_الرومي\nليلة,,1427 هـ,موكب ماتم بن سلوم المركزي - المنامة
حبك في قلبي يا حيدر,علي_حمادي\nاستشهاد,استشهاد الامام علي (ع) ليلة 19 رمضان 1419 هـ,1419 هـ,
أنشودة الثأر,الشيخ_حسين_الأكرف\nليلة,,1434 هـ,حسينية البلوش - الكويت
جنة الحسين,صالح_الدرازي\nليلة,,1438 هـ,ماتم السنابس - البحرين\n\nالهندسة الصوتية : شريف المرهون
يومئذ تسألون,"مهدي_سهوان, علي_حمادي\nوفاة",وفاة أم البنين (ع) - 1430 هـ\nالعكر - البحرين,1430 هـ,
,أحمد_قربان\nليلة,,1441 هـ,ماتم السنابس - البحرين\n\nالهندسة الصوتية : جرح الحسين
,سيد_محمود_الموسوي\nاستشهاد,استشهاد الامام علي الهادي (ع) - 1444 هـ\nموكب ماتم بن سلوم المركزي - المنامة,1444 هـ,موكب ماتم بن سلوم المركزي - المنامة
دموع العين,سيد_شرف_الستراوي\nليلة,,1438 هـ,حسينية لأهالي عالي - ماتم الحاج حسن العالي
فتى الكرامة,سيد_حسين_الموسوي\nليلة,استشهاد الامام محمد الجواد (ع) - 1437 هـ\nماتم السنابس - البحرين,1437 هـ,ماتم السنابس - البحرين
أسرار حزينة,جعفر_الدرازي\nوفاة,وفاة السيدة المعصومة (ع) - 1438 هـ\nموكب السيدة المعصومة\nقاعة الدكتور الفضلي - حي الخصاب - سيهات\n\nالهندسة الصوتية : جلال راشد,1438 هـ,موكب السيدة المعصومة\nقاعة الدكتور الفضلي - حي الخصاب - سيهات\n\nالهندسة الصوتية : جلال راشد
الناهضون بالفداء,علي_حمادي\nليلة,,1434 هـ,ماتم السنابس - البحرين
مولاي يجعفر,حسين_عبد_الرسول\n#حسين_أحمد\n#أبراهيم_الموت\n\nاستشهاد,استشهاد الامام جعفر الصادق (ع) - 1444 هـ\nموكب ماتم بن سلوم المركزي - المنامة,1444 هـ,موكب ماتم بن سلوم المركزي - المنامة
الحسين يوحدنا 7,سيد_شرف_الستراوي\n#علي_حمادة\n#فوزي_الدرازي\n\nمع,,1437 هـ,ماتم سيد محمود  - المحرق\n\nالهندسة الصوتية : حسن مرهون
عصروك بالجدار,سيد_شرف_الستراوي\nاستشهاد,استشهاد فاطمة الزهراء (ع) - 1437 هـ\nموكب ماتم بن سلوم المركزي - المنامة\n\nالهندسة الصوتية: علي مبارك,1437 هـ,موكب ماتم بن سلوم المركزي - المنامة\n\nالهندسة الصوتية: علي مبارك
يكفي صبرا,مهدي_سهوان\nاستشهاد,استشهاد الامام الصادق (ع) - 1433 هـ\nمسجد الزهراء - مدينة الزهراء - البحرين,1433 هـ,مسجد الزهراء - مدينة الزهراء - البحرين
صاحب الراية,صالح_الدرازي\nليلة,,1438 هـ,ماتم ابو صيبع - البحرين\n\nالهندسة الصوتية : شريف المرهون
لبيك ربي,سيد_هاني_الوداعي\nذكرى,,1438 هـ,ماتم السنابس - البحرين\n\nالهندسة الصوتية : جرح الحسين
ضفاف الحزن,يوسف_الرومي\nاستشهاد,استشهاد فاطمة الزهراء (ع) - 1438 هـ\nموكب ولي العصر - الدبابية - القطيف\n\nالتسجيل الصوتي: جلال راشد - حسين الدار \nالهندسة الصوتية : علي مبارك - جلال راشد,1438 هـ,موكب ولي العصر - الدبابية - القطيف\n\nالتسجيل الصوتي: جلال راشد - حسين الدار \nالهندسة الصوتية : علي مبارك - جلال راشد
الراضون بالقضاء,علي_حمادي\nاستشهاد,استشهاد الامام علي الرضا (ع)  - 1434 هـ\nماتم السنابس - البحرين\n\nالهندسة الصوتية : محمود سعيد,1434 هـ,ماتم السنابس - البحرين\n\nالهندسة الصوتية : محمود سعيد
نصرتي لكم معدة,عبد_الأمير_البلادي\nليلة,,1439 هـ,موكب الموحد - ماتم راس رمان - البحرين\n\nالهندسة الصوتية : جرح الحسين
أم اليقين,جعفر_الدرازي\nوفاة,وفاة السيدة ام البنين (ع) - 1441 هـ\nموكب ماتم بن سلوم المركزي - المنامة\n\nالهندسة الصوتية : حسن مرهون,1441 هـ,موكب ماتم بن سلوم المركزي - المنامة\n\nالهندسة الصوتية : حسن مرهون
نبكيك حيدر,صالح_الدرازي\nاستشهاد,استشهاد الإمام علي (ع) - 1429 هـ\nحسينية الامام الراحل  - الكويت\n\nالهندسة الصوتية : عبدالله مبارك و محمد جراغ,1429 هـ,حسينية الامام الراحل  - الكويت\n\nالهندسة الصوتية : عبدالله مبارك و محمد جراغ
,"صالح_الشيخ, حسن_نوروز\nاستشهاد",استشهاد الامام جعفر الصادق (ع) - 1437 هـ\nماتم السنابس - السنابس - البحرين,1437 هـ,ماتم السنابس - السنابس - البحرين
كونوا زيناً,أحمد_قربان\nليلة,استشهاد الامام جعفر الصادق (ع) - 1438 هـ\nماتم الحجر - البحرين\n\nالهندسة الصوتية : جرح الحسين,1438 هـ,ماتم الحجر - البحرين\n\nالهندسة الصوتية : جرح الحسين
,صالح_الشيخ\nاستشهاد,استشهاد الامام جعفر الصادق (ع) - 1434 هـ\nموكب و ماتم أهالي الديه,1434 هـ,موكب و ماتم أهالي الديه
بداياتي,الشيخ_حسين_الأكرف,,1427 هـ,
جعفريون الولاء,سيد_شرف_الستراوي\nاستشهاد,استشهاد الامام جعفر الصادق (ع) - 1436 هـ\nماتم كرباباد الشرقي - كرباباد\n\nالهندسة الصوتية : محسن الدقاق,1436 هـ,ماتم كرباباد الشرقي - كرباباد\n\nالهندسة الصوتية : محسن الدقاق
رحمة الخالق,"صادق_العكراوي, عبد_الأمير_البلادي, جعفر_الدرازي",استشهاد الإمام جعفر الصادق (ع) - 1443 هـ\nموكب ماتم بن سلوم المركزي - المنامة\n\nالهندسة الصوتية : اللجنة الإعلامية للموكب,1443 هـ,موكب ماتم بن سلوم المركزي - المنامة\n\nالهندسة الصوتية : اللجنة الإعلامية للموكب
مسلك العاشقين,سيد_هاني_الوداعي\nاستشهاد,استشهاد الإمام جعفر الصادق (ع) - 1441 هـ\nموكب ماتم بن سلوم المركزي - المنامة\n\nالهندسة الصوتية : محمد سلمان,1441 هـ,موكب ماتم بن سلوم المركزي - المنامة\n\nالهندسة الصوتية : محمد سلمان
إباء,الشيخ_حسين_الأكرف,,1430 هـ,
الجرح العارف,الشيخ_حسين_الأكرف\nشهر,,1426 هـ,
أنت عيني و جبيني,الشيخ_حسين_الأكرف\nليلة,,1427 هـ,موكب ماتم حج عباس - المنامة
صوت دعوانا,علي_حمادي\nيوم,استشهاد الامام جعفر الصادق 1439 هـ\nموكب حسينية الحاج أحمد بن خميس - السنابس - البحرين\n\nالهندسة الصوتية : علي مبارك,1439 هـ,موكب حسينية الحاج أحمد بن خميس - السنابس - البحرين\n\nالهندسة الصوتية : علي مبارك
أسوة الفقاهة,أحمد_قربان\nاستشهاد,استشهاد الامام جعفر الصادق 1439 هـ\nماتم كرباباد الشرقي - كرباباد\nالتسجيل الصوتي : حسن منصور\nالهندسة الصوتية : علي مبارك,1439 هـ,ماتم كرباباد الشرقي - كرباباد\nالتسجيل الصوتي : حسن منصور\nالهندسة الصوتية : علي مبارك
حوزة آل محمد,سيد_هاني_الوداعي\nاستشهاد,استشهاد الامام جعفر الصادق (ع) - 1440 هـ\nماتم كرباباد الشرقي - كرباباد\n\nالهندسة الصوتية : جرح الحسين,1440 هـ,ماتم كرباباد الشرقي - كرباباد\n\nالهندسة الصوتية : جرح الحسين
ليلة الفاجعة,سيد_شرف_الستراوي\nليلة,,1439 هـ,موكب ماتم بن سلوم المركزي - المنامة\n\nالهندسة الصوتية : ستوديو الترابي
أنت فوق الشبهات,الشيخ_حسين_الأكرف\nذكرى,ذكرى استشهاد الإمام علي (ع) 1436 هـ\nحسينية البلوش - الكويت,1436 هـ,حسينية البلوش - الكويت
,سيد_حسين_المالكي\nاستشهاد,استشهاد الإمام جعفر الصادق (ع) - 1440 هـ\nموكب ماتم بن سلوم المركزي - المنامة,1440 هـ,موكب ماتم بن سلوم المركزي - المنامة
زوار الصادق,"جعفر_الدرازي, سيد_محمود_الموسوي, جعفر_القشعمي\nاستشهاد",استشهاد الإمام جعفر الصادق (ع) - 1436 هـ\nماتم مدينة عيسى - مدينة عيسى البحرين,1436 هـ,ماتم مدينة عيسى - مدينة عيسى البحرين
حامي الشريعة,صادق_العكراوي\nاستشهاد,استشهاد الإمام جعفر الصادق (ع) - 1438 هـ\nموكب ماتم بن سلوم المركزي - المنامة,1438 هـ,موكب ماتم بن سلوم المركزي - المنامة
حوزة الكرامة,يوسف_الرومي\nاستشهاد,استشهاد الإمام جعفر الصادق (ع) - 1437 هـ\nموكب ماتم بن سلوم المركزي - المنامة\n\nالهندسة الصوتية : علي مبارك,1437 هـ,موكب ماتم بن سلوم المركزي - المنامة\n\nالهندسة الصوتية : علي مبارك
إصطفاك الله,سيد_هاني_الوداعي\nوفاة,وفاة السيدة أم البنين (ع) - 1441 هـ\nموكب سترة الخارجية - سترة - البحرين\n\nالهندسة الصوتية : جرح الحسين,1441 هـ,موكب سترة الخارجية - سترة - البحرين\n\nالهندسة الصوتية : جرح الحسين
من جراحاتي,علي_حمادي\nوفاة,وفاة السيدة أم البنين (ع) - 1434 هـ\nالعكر - البحرين الهندسة - محمد سلمان,1434 هـ,
ملكوت,"محمد_الكراني, عبد_الأمير_البلادي\n1436",,1436 هـ,
أدركوا الفتح,أحمد_قربان\nليلة,,1439 هـ,ماتم السنابس - البحرين\n\nالهندسة الصوتية : جرح الحسين
أبداً يا حسين,الشيخ_حسين_الأكرف\n\n1428,,1428 هـ,
كاظم الآل,صالح_الدرازي,استشهاد الإمام الكاظم (ع) 1430 هـ\nالقرية - سترة,1430 هـ,
حسرة الزمن,"صالح_الدرازي, جعفر_الدرازي\nليلة",استشهاد الإمام العسكري (ع) 1431 هـ\nموكب عزاء ماتم عذاري - البحرين\n\nالهندسة الصوتية : سيد محمد الشهركاني,1431 هـ,موكب عزاء ماتم عذاري - البحرين\n\nالهندسة الصوتية : سيد محمد الشهركاني
أعظم نار,صالح_الدرازي\nتسقيط,,1429 هـ,
قائد السلام,سيد_شرف_الستراوي,استشهاد الامام العسكري (ع) - 1444 هـ\nموكب صدد المركزي (27)\n\nالهندسة الصوتية : جرح الحسين,1444 هـ,موكب صدد المركزي (27)\n\nالهندسة الصوتية : جرح الحسين
وارث الحزن,سيد_شرف_الستراوي\n\nالقرآن,استشهاد الامام العسكري (ع) - 1443 هـ\nموكب صدد المركزي (26)\n\nالهندسة الصوتية : جرح الحسين,1443 هـ,موكب صدد المركزي (26)\n\nالهندسة الصوتية : جرح الحسين
,صالح_الدرازي\nليلة,,1441 هـ,موكب عزاء النعيم - البحرين\n\nالهندسة الصوتية : شريف المرهون
آخر زيارة,سيد_هاني_الوداعي\nليلة,,1440 هـ,موكب عزاء النعيم - البحرين\n\nالهندسة الصوتية : جرح الحسين
من كزينب,"صالح_الدرازي, جعفر_الدرازي\nاستشهاد",استشهاد السيدة زينب (ع) 1440 هـ\nمأتم السنابس - البحرين\n\nالتسجيل الصوتي : جرح الحسين \nالهندسة الصوتية : محسن الدقاق,1440 هـ,
أنت تدري,الشيخ_حسين_الأكرف\nليلة,,1433 هـ,حسينية البلوش - الكويت
صادق آل محمد,سيد_شرف_الستراوي\nاستشهاد,استشهاد الأمام الصادق (ع) - 1435 هـ\nمأتم كرباباد الشرقي - البحرين,1435 هـ,
كونوا أحرار,علي_حمادي\nليلة,,1431 هـ,
شهيد الصلاة,عبد_الأمير_البلادي\nاستشهاد,استشهاد الامام علي (ع) ليلة 22 رمضان - 1434 هـ\nمأتم الامام علي (ع)  - ابو قوة\n\nالهندسة الصوتية : محسن الدقاق شبكة اشجان,1434 هـ,
ثورة الأبرياء,صالح_الدرازي\nاستشهاد,استشهاد السيدة زينب (ع)  - 1427 هـ\nمأتم كرباباد الشرقي - كرباباد - البحرين\n\nالهندسة الصوتية : محسن الدقاق,1427 هـ,
الليلة الأخيرة,سيد_هاني_الوداعي\nليلة,,1439 هـ,موكب عزاء باربار - البحرين\n\nالتسجيل : سيد محمد الوداعي و زهير مبارك\nالهندسة الصوتية : جرح الحسين
أنت الحرية,الشيخ_حسين_الأكرف\nتأبين,,1426 هـ,
خارج المألوف,جعفر_القشعمي\n1432,,1432 هـ,
أعظم وفية,صالح_الدرازي\nوفاة,وفاة السيدة أم البنين (ع) - 1436 هـ\nالحسينية الحيدرية - الكويت,1436 هـ,حسينية الحيدرية - الكويت
,سيد_شرف_الستراوي\nاستشهاد,استشهاد الإمام موسى الكاظم (ع) - 1440 هـ\nمسجد فاطمة الزهراء - الدوار الرابع\n\nالهندسة الصوتية : جرح الحسين,1440 هـ,مسجد فاطمة الزهراء - الدوار الرابع\n\nالهندسة الصوتية : جرح الحسين
زينب الكبرى,أحمد_قربان\nاستشهاد,استشهاد السيدة زينب (ع) - 1439 هـ\nهيئة وموكب عزاء قرية بوري - البحرين\n\nالهندسة الصوتية : جرح الحسين,1439 هـ,موكب عزاء قرية بوري - البحرين\n\nالهندسة الصوتية : جرح الحسين
,يوسف_الرومي\nوفاة,وفاة السيدة رقية سلام الله عليها - 1444 هـ\nمأتم الجعفرية - قرية الديه\n\nالهندسة الصوتية : علي مبارك,1444 هـ,
أنا مع القرآن,الشيخ_حسين_الأكرف\nشهر,,1432 هـ,
الصديق الأعظم,طاهر_الدرازي\nإستشهاد,,1444 هـ,موكب ماتم بن سلوم -  المنامة
الزحف الكربلائي,علي_حمادي\nليلة,,1433 هـ,ماتم السنابس - البحرين
أخت الحسين,"علي_حمادي, مهدي_سهوان\n\nذكرى",,1430 هـ,ماتم الامام علي (ع) - أبو قوة\n\nشارك الرادود علي حمادي مع الرادود إبراهيم الموت قبلها بمرتين للشريط
أنت امام الأحرار,مهدي_سهوان\nليلة,,1431 هـ,موكب ماتم بن سلوم - المنامة\n\nالتسجيل و الهندسة الصوتية : محسن الدقاق
حرام,صالح_الدرازي\n1432,,1432 هـ,
خير العمل,سيد_هاني_الوداعي,استشهاد الإمام علي (ع) - ليلة 22 رمضان 1432 هـ\nماتم الامام علي (ع) - أبو قوة,1432 هـ,ماتم الامام علي (ع) - أبو قوة
بدم النحر فديناك,سيد_شرف_الستراوي\n\nاستشهاد,استشهاد الامام موسى الكاظم (ع) 1434 هـ \nمسجد فاطمة الزهراء (ع) - مدينة الزهراء (ع)\n\nالهندسة الصوتية : محسن الدقاق,1434 هـ,مسجد فاطمة الزهراء (ع) - مدينة الزهراء (ع)\n\nالهندسة الصوتية : محسن الدقاق
ثقافتي,جعفر_القشعمي\n1439,,1439 هـ,
قتلوه ضاميا,صالح_الدرازي\nليلة,,1419 هـ,موكب ماتم بن سلوم - المنامة
شمس الخلود,سيد_هاني_الوداعي\nليلة,,1439 هـ,
خدامك,حسن_نوروز\n1437,,1437 هـ,
المخفية قبرا,الشيخ_حسين_الأكرف\nذكرى,ذكرى استشهاد فاطمة الزهراء (ع) 1431 هـ\nموكب المحرق المركزي,1431 هـ,موكب المحرق المركزي
أنا لا أنسى زينب,الشيخ_حسين_الأكرف\nوفاة,وفاة السيدة زينب (ع) 1428هـ\nحسينية البلوش - الكويت,1428هـ,حسينية البلوش - الكويت
أنا عاشق زينب,الشيخ_حسين_الأكرف\nوفاة,وفاة السيدة زينب (ع) 1436هـ\nحسينية البلوش - الكويت,1436هـ,حسينية البلوش - الكويت
طيور السلام,"صالح_الدرازي, جعفر_الدرازي\nليلة",,1426 هـ,موكب عزاء قرية بوري - البحرين
قالت كربلاء,صالح_الدرازي\nليلة,,1428 هـ,حسينية الامام الباقر (ع) - قرية بوري
رجوع الراس,صالح_الدرازي\nأربعين,,1431 هـ,
دمع العباد,صالح_الدرازي\nاستشهاد,استشهاد الامام زين العابدين (ع)  1431 هـ\nماتم الجبور  (ع) - دار كليب - البحرين\n\nالهندسة الصوتية : سيد محمد الشهركاني,1431 هـ,ماتم الجبور  (ع) - دار كليب - البحرين\n\nالهندسة الصوتية : سيد محمد الشهركاني
عهداً منا,جعفر_الدرازي\n,,1430 هـ,
حلم الرجوع,جعفر_الدرازي\n1429,,1429 هـ,
الإمام المؤتمن,سيد_شرف_الستراوي\nاستشهاد,استشهاد الإمام الحسن المجتبى (ع) 1436 هـ\nموكب عزاء سفالة - سترة\n\nالهندسة الصوتية : محمود سعيد,1436 هـ,موكب عزاء سفالة - سترة\n\nالهندسة الصوتية : محمود سعيد
الراية المنصورة,علي_حمادي\nليلة,,1435 هـ,ماتم سار الكبير - سار - البحرين\n\nالهندسة الصوتية : محمد سلمان
عطشان الشوفة وجهك,"سيد_علوي_أبو_غايب, أبو_غايب\n1432",,1432 هـ,
فاز الشهيد,عبد_الأمير_البلادي\n1434,,1434 هـ,
حناجر الحسين,ميثم_التمار\n#علي_حمادي\n#سيد_ناصر_الشرف\n#سيد_هاني_الوداعي\n#صالح_الشيخ\n1434,,1434 هـ,
اغسلي الآلام بالكوثر,سيد_هاني_الوداعي\nليلة,,1431 هـ,موكب ماتم بن سلوم - المنامة
أنا القاسم,الشيخ_حسين_الأكرف\nليلة,,1432هـ,موكب ماتم الحاج عباس - المنامة
سيد الفرات,سيد_هاني_الوداعي\nليلة,,1440 هـ,موكب ماتم بن سلوم - المنامة\n\nالهندسة الصوتية : جرح الحسين
أم الشهيد,صالح_الدرازي\nتسقيط,,1432 هـ,ماتم الامام علي (ع) - أبو قوة\n\nالهندسة الصوتية : سيد محمد الشهركاني
قرابين,"يوسف_الرومي, سيد_ناصر_الشرف\n1434",,1434 هـ,
دعاء الفقد,سيد_هاني_الوداعي\nاستشهاد,استشهاد النبي محمد (ص) - 1439 هـ\nموكب عزاء بار بار  - البحرين\n\nالهندسة الصوتية : جرح الحسين,1439 هـ,موكب عزاء بار بار  - البحرين\n\nالهندسة الصوتية : جرح الحسين
دفتر حبيب,عبد_الأمير_البلادي\nليلة,,1439 هـ,موكب الكاظم (ع) - الشويكة
سؤال العاشر,جعفر_الدرازي\nمحرم,,1433 هـ,
يالثارات الضلوع,"مهدي_سهوان, علي_حمادي, صالح_الشيخ",,1433 هـ,
أم التضحيات,الشيخ_حسين_الأكرف\nذكرى,ذكرى وفاة السيدة زينب (ع) 1433 هـ\nحسينية الإمام الراحل - الكويت,1433 هـ,حسينية الإمام الراحل - الكويت
أم البنين الوجعانة,الشيخ_حسين_الأكرف\nذكرى,ذكرى وفاة أم البنين (ع) 1425 هـ\nحسينية الولاية - الكويت,1425 هـ,حسينية الولاية - الكويت
كل البحرين تبكيك حسين,عبد_الأمير_البلادي\nليلة,,1433 هـ,موكب ماتم بن سلوم - المنامة
ملحمة الركب 9,"سيد_هاني_الوداعي, جعفر_الدرازي\n",,1430 هـ,
ألم و عتاب,"علي_المعلم\nمشترك, سيد_ناصر_الشرف, عيسى_النوري, سيد_عبدالله_البلادي\n\n",,1433 هـ,
كلام الدموع,"علي_حمادة, خليل_الجردابي\n",,1433 هـ,
أم الوفاء,الشيخ_حسين_الأكرف\nوفاة,وفاة ام البنين سلام الله عليها - 1428 هـ\nحسينية الولاية - دولة الكويت,1428 هـ,حسينية الولاية - دولة الكويت
إنتظار الفرج,صالح_الدرازي\n\nماتم,,1429 هـ,ماتم ابو صيبع  - أبو صيبع - في ذكرى إسشتهاد الامام الحسن العسكري (ع) - عام 1429 هـ
أيتام,علي_حمادي\nاستشهاد,استشهاد الأمام علي (ع) - ليلة 19 رمضان 1429 هـ\nالكويت,1429 هـ,
آل النبي مذهبي,مهدي_سهوان\nاستشهاد,استشهاد الأمام علي الهادي (ع) - 1439 هـ\nموكب ماتم بن سلوم - المنامة\n\nالهندسة الصوتية : الحسين,1439 هـ,موكب ماتم بن سلوم - المنامة\n\nالهندسة الصوتية : الحسين
والقبر هدمتم,صالح_الدرازي\n\nاستشهاد,استشهاد الإمام علي الهادي (ع) 1428 هـ\nمأتم كرانة - كرانة\n\nما بعد أحداث تفجير مرقد الإمامين العسكريين (ع) في سامراء العراق 2006\n\nملاحظة: يوجد العديد من المشاكل في التسجيل الصوتي هذا - إلّا إنة التسجيل الاصلي ( الرسمي ) للمشاركة.. حيث إن الخلل والمشاكل من وقت التسجيل اثناء المشاركة - ثم تمت المحاولة للتعديل علية واعتمادة كتسجيل صوتي على الرغم من المشاكل فيه وتم اعتمادة ايضا على النسخة المرئية كذلك لعدم وجود تسجيل آخر  .. كما إن للشريط إعادة لجزء منه وفقراته في نفس المناسبة والسنة  ( استشهاد الامام علي الهادي 1428 هـ  ) بموكب الدراز يوم الوفاة عصراً,1428 هـ,موكب الدراز يوم الوفاة عصراً
معراج الذاكرين,"سيد_هاني_الوداعي, قاسم_مرهون\n\nاستشهاد",استشهاد الإمام موسى الكاظم (ع) 1439 هـ\nمسجد فاطمة الزهراء (ع) - مدينة الزهراء\n\nجرح الحسين,1439 هـ,مسجد فاطمة الزهراء (ع) - مدينة الزهراء\n\nجرح الحسين
إصعدي بالجراح,الشيخ_حسين_الأكرف\n\nوفاة,وفاة السيدة زينب (ع) 1431 هـ\nمأتم الإمام علي (ع) - أبو قوة,1431 هـ,
إلى كربلاء 5,صالح_الدرازي\nليلة,,1443 هـ,ماتم القرية القديم - سترة
إلى كربلاء 4,صالح_الدرازي\nليلة,,1442 هـ,ماتم القرية القديم - سترة
إلى كربلاء 3,صالح_الدرازي\nليلة,,1441 هـ,ماتم القرية القديم - سترة
إلى كربلاء 2,صالح_الدرازي\nليلة,,1440 هـ,ماتم القرية القديم - سترة
إلى كربلاء 1,صالح_الدرازي\nليلة,,1439 هـ,ماتم القرية القديم - سترة
بك مؤمنون,سيد_هاني_لوداعي\nوفاة,وفاة أم البنين سلام الله عليها - 1439 هـ\nموكب عزاء سترة - الخارجية\n\nالهندسة الصوتية : جرح الحسين,1439 هـ,موكب عزاء سترة - الخارجية\n\nالهندسة الصوتية : جرح الحسين
بدر الزمان,أحمد_قربان\n\nاستشهاد,استشهاد الإمام الحسن العسكري (ع) \nليلة 9 ربيع الأول 1438 هـ\nمأتم السنابس الجديد - السنابس\n\nالهندسة الصوتية: حسن مرهون\nشبكة أشجان,1438 هـ,
الحيدرية 13,"صالح_الدرازي, جعفر_الدرازي\nاستشهاد",استشهاد الإمام زين العابدين (ع) \nليلة 26 محرم 1422 هـ 2001 م\nالحسينية الحيدرية - الكويت,1422 هـ,حسينية الحيدرية - الكويت
وسيلتنا,"صالح, الشيخ_حسين_الأكرف\nذكرى",ذكرى وفاة أم البنين سلام الله عليها - 1435 هـ\nحسينية النور - الكويت,1435 هـ,حسينية النور - الكويت
إعتذار,سيد_هاني_الوداعي\n1431,,1431 هـ,
غرباء,صالح_الدرازي\n,,1426 هـ,
مستودع الرحمة,عبد_الأمير_البلادي\nاستشهاد,استشهاد الزهراء (ع) - 1437 هـ\nحسينية كريمي - المحرق,1437 هـ,حسينية كريمي - المحرق
,أحمد_قربان\nاستشهاد,استشهاد الأمام علي (ع)  ليلة 20 رمضان 1444 هـ\nموكب ماتم بن سلوم - المنامة,1444 هـ,موكب ماتم بن سلوم - المنامة
الصديقة الصغرى,الشيخ_حسين_الأكرف\nذكرى,ذكرى وفاة السيدة زينب (ع)\nرجب 1425 هـ\nكرباباد,1425 هـ,
الحق معك,الشيخ_حسين_الأكرف\nاستشهاد,استشهاد الامام علي (ع) - 1428 هـ\nماتم الامام علي (ع) - ابو قوة,1428 هـ,ماتم الامام علي (ع) - ابو قوة
المجهولة قدرا,الشيخ_حسين_الأكرف\n1430,,,
الدمعة المحرومة,الشيخ_حسين_الأكرف\nذكرى,ذكرى استشهاد الزهراء (ع)\nجمادى الأول 1428 هـ\nمسجد فاطمة الزهراء (ع) - الدوار الرابع,1428 هـ,مسجد فاطمة الزهراء (ع) - الدوار الرابع
يا ثورة الصمود,يوسف_الرومي\nليلة,,1433 هـ,موكب عزاء واديان - سترة
ادركوا الفتح,أحمد_قربان\nليلةالثاني,,1439 هـ,ماتم السنابس - السنابس
الفرقد الستري,"سيد_شرف_الستراوي\n, يوسف_الرومي, سيد_ابراهيم_الستري\n\nرثاء",,1440 هـ,ماتم حمد  - جمعية سترة - واديان الحسينية الثقافية\n\nالهندسة الصوتية : جرح الحسين
جنين السماء,سيد_هاني_الوداعي\nتسقيط,,1439 هـ,موكب ماتم بن سلوم - العاصمة المنامة\n\nالهندسة الصوتية : جرح الحسين
,عبد_الأمير_البلادي\nليلة,,1442 هـ,موكب ماتم بن سلوم - العاصمة المنامة
,سيد_شرف_الستراوي\nليلة,,1442 هـ,موكب ماتم بن سلوم - العاصمة المنامة
,علي_حمادي\nليلة,,1442 هـ,موكب ماتم بن سلوم - العاصمة المنامة
محمد يا مخلد,"حسين_عبد_الرسول, صالح_الدرازي\nيوم",استشهاد الرسول الاعظم النبي محمد (ص) - 1438 هـ\nموكب حسينية الحاج احمد بن خميس - السنابس,1438 هـ,موكب حسينية الحاج احمد بن خميس - السنابس
شكوى,علي_حمادي\nمحرم,,,
صرخة الفاقدين,مهدي_سهوان\nذكرى,ذكرى استشهاد الامام الهادي (ع) - 1430 هـ\nموكب عزاء قرية المقشع,1430 هـ,موكب عزاء قرية المقشع
شهادة,عبد_الأمير_البلادي\nمحرم,,1433 هـ,
فيك ذبنا,"علي_حمادي, مهدي_سهوان\n\nذكرى",ذكرى استشهاد امير المؤمنين الامام علي (ع) \nليلة 22 رمضان - 1439 هـ\nماتم الامام علي (ع) - ابو قوة,1439 هـ,ماتم الامام علي (ع) - ابو قوة
حبل الولاء,عبد_الأمير_البلادي\nذكرى,ذكرى استشهاد الامام علي (ع) - 1440 هـ\nموكب ماتم بن سلوم - العاصمة المنامة,1440 هـ,موكب ماتم بن سلوم - العاصمة المنامة
بهتافاتي,صالح_الدرازي\nليلة,,1437 هـ,موكب عزاء الدراز\n\nالهندسة الصوتية: محسن الدقاق
محراب اليقين,سيد_شرف_الستراوي\nرحيل,,,موكب ماتم بن سلوم - المنامة
,مهدي_سهوان,,,موكب ماتم بن سلوم - المنامة
إرجع يا علي,صالح_الدرازي,استشهاد الإمام علي (ع) 1429\n الحسينية الحيدرية - الكويت\n\nالهندسة الصوتية : عبدالله مبارك - محمد جراغ,,حسينية الحيدرية - الكويت\n\nالهندسة الصوتية : عبدالله مبارك - محمد جراغ
وعد,سيد_هاني_الوداعي,,,
خذي قبرا,صالح_الدرازي,استشهاد فاطمة الزهراء (ع) 1430هـ\nموكب ماتم بن سلوم - المنامة,1430هـ,موكب ماتم بن سلوم - المنامة
الوعد الصادق,الشيخ_حسين_الأكرف,,,
الوداع الأخير,"الشيخ_حسين_الأكرف, صالح_الدرازي",استشهاد الإمام علي (ع) 1423هـ\nمأتم الإمام علي (ع) - أبو قوة,1423هـ,
إلهي بالحسين إقبل ضحايان,الشيخ_حسين_الأكرف,,,
النفس الزكية,الشيخ_حسين_الأكرف\nتأبين,,,
عهد الله ستبقى كربلاء,"جعفر_الدرازي, سيد_وليد_المزيدي\nمن",,1431 هـ,
أذان كربلاء,جعفر_الدرازي\nليلة,,1434 هـ,
ضياع,جعفر_الدرازي\nمحرم,,,
مظهر العجائب,صالح_الدرازي\nاستشهاد,استشهاد الامام علي (ع)  1434 هـ\nالحسينية الحيدرية الكويت,1434 هـ,حسينية الحيدرية الكويت
الفاقدات,جعفر_الدرازي\nمحرم,,,
منذ كسر الضلع,"فاضل_البلادي, جفعر_الدرازي\nليلة",استشهاد الرسول النبي محمد (ص) 1416 هـ,1416 هـ,
بل هم أحياء,صالح_الدرازي\nليلة,,1429 هـ,ماتم كرزكان - كرزكان
فانظر لمن الغلبة,صالح_الدرازي\nاستشهاد,استشهاد السيدة زينب (ع) - 1440 هـ\nماتم آل شهاب - الدراز\n\nالهندسة الصوتية : جرح الحسين,1440 هـ,ماتم آل شهاب - الدراز\n\nالهندسة الصوتية : جرح الحسين
ضياء الهادي,جعفر_سهوان,استشهاد الامام علي الهادي - 1441 هـ\nموكب وحسينية بن خميس,1441 هـ,موكب وحسينية بن خميس
شمس الجواد,صالح_الدرازي\nاستشهاد,استشهاد الامام محمد الجواد - 1430 هـ\nماتم السنابس,1430 هـ,ماتم السنابس
السبط الأول,صالح_الدرازي\nاستشهاد,استشهاد الامام الحسن الزكي - 1428 هـ\nالمالكية,1428 هـ,
ليلة العاشر,صالح_الدرازي\nليلة,,1433 هـ,حسينية الحيدرية - الكويت\n\nالهندسة الصوتية : محمد جراغ
أنا المسموم,صالح_الدرازي\nاستشهاد,استشهاد الامام الحسن المجتبى (ع) 1434 هـ\nحسينية الولاية - الكويت,1434 هـ,حسينية الولاية - الكويت
ضلع السماء,"صالح_الدرازي, جعفر_الدرازي",,1431 هـ,ماتم الامام علي (ع) - أبو قوة\n\nالهندسة الصوتية : سيد حسن الشهركاني
صادقيون,"علي_حمادي, عبد_الأمير_البلادي\nذكرى",ذكرى استشهاد الامام جعفر الصادق (ع) - 1430 هـ\nماتم كرباباد الشرقي - كرباباد,1430 هـ,ماتم كرباباد الشرقي - كرباباد
يا صاحب السلاسل الثقيلة,صالح_الدرازي\nذكرى,ذكرى استشهاد الامام موسى الكاظم (ع) - 1424 هـ\nموكب ماتم بن سلوم - المنامة,1424 هـ,موكب ماتم بن سلوم - المنامة
,"سيد_شرف_الستراوي, صالح_الدرازي, علي_حمادي\nليلة",,1443 هـ,موكب ماتم بن سلوم - المنامة
شيعوا الصادق,"سيد_حسن_البلادي, عبد_الأمير_البلادي\nاستشهاد",استشهاد الإمام جعفر الصادق (ع) - 1430 هـ\nموكب ماتم بن سلوم - المنامة,1430 هـ,موكب ماتم بن سلوم - المنامة
فتية الله,سيد_حسن_البلادي\nليلة,,1441 هـ,موكب ماتم بن سلوم - المنامة
سليل الهدى,سيد_حسن_البلادي\nاستشهاد,استشهاد الامام محمد الباقر (ع) 1439 هـ\nموكب ماتم بن سلوم - المنامة,1439 هـ,موكب ماتم بن سلوم - المنامة
صونوا الهوى,أحمد_قربان\nاستشهاد,استشهاد الامام جعفر الصادق 1439 هـ\nماتم كرباباد الشرقي - كرباباد,1439 هـ,ماتم كرباباد الشرقي - كرباباد
,سيد_ابراهيم_الستري\nوفاة,وفاة ام البنين سلام الله عليها 1443 هـ\nموكب ماتم بن سلوم - المنامة,1443 هـ,موكب ماتم بن سلوم - المنامة
يا قتيل العبرات,"يوسف_الرومي, سيد_ابراهيم_الستري\nليلة",,1438 هـ,حسينية البلوش - الكويت
طوامير الألم,سيد_شرف_الستراوي\nوفاة,وفاة الامام موسى (ع) 1439 هـ\nموكب ماتم بن سلوم - المنامة,1439 هـ,موكب ماتم بن سلوم - المنامة
خلود الثورة,أحمد_قربان\nوفاة,وفاة السيدةزينب سلام الله عليها 1438 هـ\nموكب عزاء ماتم الجفير,1438 هـ,موكب عزاء ماتم الجفير
سر الله 1,"مصطفى_علي, فاضل_عباس, عيسى_الدرازي, أيمن_محمد, سيد_جعفر_البحراني\nاستشهاد",استشهاد الزهراء (ع) 1443 هـ\nحسينية الامام الباقر (ع) - هيئة موكب بوري - بوري\n\nالهندسة الصوتية : حسن مرهون,1443 هـ,حسينية الامام الباقر (ع) - هيئة موكب بوري - بوري\n\nالهندسة الصوتية : حسن مرهون
صوت المحراب,حسن_نوروز\nوفاة,وفاة السيدةزينب سلام الله عليها 1444 هـ\nموكب عزاء ماتم الحاج عباس - المنامة,1444 هـ,موكب عزاء ماتم الحاج عباس - المنامة
صوت المحراب,"حسن_نوروز, صالح_الدرازي\nاستشهاد",استشهاد الامام علي (ع) ليلة 20 رمضان عام 1438 هـ\nموكب عزاء السقية - السقية,1438 هـ,موكب عزاء السقية - السقية
جمكراني الهوى,حسن_نوروز\nاستشهاد,استشهاد الحسن العسكري (ع) عام 1441 هـ\nموكب ماتم بن سلوم - المنامة,1441 هـ,موكب ماتم بن سلوم - المنامة
يا سامراءجئناك بالدمع الاحمر,علي_حمادي\nاستشهاد,استشهاد الامام علي الرضا (ع) عام 1422 هـ\nموكب ماتم الحاج عباس - المنامة,1422 هـ,موكب ماتم الحاج عباس - المنامة
مولاي يا مولاي برد على احشاي,علي_حمادي\nاستشهاد,استشهاد الامام علي (ع) ليلة 19 عام 1422 هـ\nموكب النعيم - ماتم النعيم - النعيم,1422 هـ,موكب النعيم - ماتم النعيم - النعيم
مهاجر الى الشهادة,"أيمن_المقابي, سيد_حسين_المالكي\nحرم",,1443 هـ,ماتم السنابس - السنابس
قصة حزن,أيمن_المقابي\nاستشهاد,استشهاد الامام علي (ع) - 1444 هـ\nماتم كرزكان - كرزكان,1444 هـ,ماتم كرزكان - كرزكان
محكمة القيامة,أحمد_قربان\nليلة,,1441 هـ,موكب ماتم الحاج عباس - المنامة
الصدر المكسور,محمد_الكراني\nليلة,,1444 هـ,موكب ماتم بن سلوم - المنامة
وينك يا حيدر ؟,سيد_شرف_الستراوي\nاستشهاد,استشهاد الزهراء (ع) - 1440 هـ\nموكب ماتم بن سلوم - المنامة,1440 هـ,موكب ماتم بن سلوم - المنامة
مامات حيدر,صالح_الدرازي\nاستشهاد,استشهاد الامام علي (ع) ليلة 19 رمضان عام  1443 هـ\nموكب عزاء قرية عذاري,1443 هـ,موكب عزاء قرية عذاري
مسلم الفداء,كميل_عاشور\nليلة,,1444 هـ,موكب ماتم بن سلوم - المنامة
نداء السماء,"أحمد_قربان, سيد_هاني_الوداعي\nاستشهاد",استشهاد الزهراء (ع)  1437 هـ\nموكب ماتم بن سلوم - المنامة,1437 هـ,موكب ماتم بن سلوم - المنامة
بنت الخمار,أحمد_قربان\nاستشهاد,استشهاد الزهراء (ع)  1444 هـ\nموكب ماتم الحاج عباس - المنامة,1444 هـ,موكب ماتم الحاج عباس - المنامة
مخزن الأسرار,صادق_العكراوي,استشهاد الزهراء (ع) \nالليالي الفطمية - الليلة الثالثة \nليلة ١٤ جمادى الأولى ١٤٣٥ هـ\nمسجد الزهراء - سيهات,١٤٣٥ هـ,مسجد الزهراء - سيهات
أم الثائرين,سيد_هاني_الوداعي\nوفاة,وفاة ام البنين سلام الله عليها عام 1438 هـ\nموكب ماتم بن سلوم المركزي - المنامة,1438 هـ,موكب ماتم بن سلوم المركزي - المنامة
ضربة الوالي,سيد_شرف_الستراوي\nاستشهاد,استشهاد الامام علي (ع) ليلة 20 عام 1438 هـ\nموكب ماتم بن سلوم المركزي - المنامة,1438 هـ,موكب ماتم بن سلوم المركزي - المنامة
يا مدد الشهادة,"مهدي_سهوان, أباذر_الحلواجي\nاستشهاد",استشهاد الزهراء (ع) 1425 هـ\nماتم السنابس,1425 هـ,ماتم السنابس
فجر القرآن,مهدي_سهوان\nاستشهاد,استشهاد الرسول الاعظم النبي محمد (ص) 1427 هـ\nالأعادة في ماتم الديه,1427 هـ,ماتم الديه
من سمعت صوت الوالي,علي_حمادي\nاستشهاد,استشهاد الامام علي (ع) ليلة 19 عام 1422 هـ\nماتم كرباباد - كرباباد,1422 هـ,ماتم كرباباد - كرباباد
مركب الحسين,صالح_الدرازي\nليلة,,1425 هـ,موكب ماتم الحاج عباس
,سيد_حسين_الموسوي\nاستشهاد,استشهاد الامام محمد الباقر (ع) 1443 هـ\nموكب ماتم بن سلوم المركزي - العاصمة المنامة,1443 هـ,موكب ماتم بن سلوم المركزي - العاصمة المنامة
,أحمد_العويناتي\nاستشهاد,استشهاد الإمام الحسن المجتبى (ع) 1444 هـ\nموكب ماتم بن سلوم المركزي - العاصمة المنامة,1444 هـ,موكب ماتم بن سلوم المركزي - العاصمة المنامة
,مهدي_سهوان\nاستشهاد,استشهاد الرسول الاعظم النبي محمد (ص) 1444 هـ\nموكب ماتم بن سلوم المركزي - العاصمة المنامة,1444 هـ,موكب ماتم بن سلوم المركزي - العاصمة المنامة
,أحمد_قربان\nاستشهاد,استشهاد الامام العسكري 1444 هـ\nموكب ماتم بن سلوم المركزي - العاصمة المنامة,1444 هـ,موكب ماتم بن سلوم المركزي - العاصمة المنامة
كل حي للممات,علي_حمادي\nليلة,,1422 هـ,مسجد فامة الزهراء - مدينة الزهراء
سورة الكوثر,صادق_العكراوي\nذكرى,ذكرى استشهاد الزهراء (ع) 1441 هـ\nموكب عزاء ماتم الجفير - الجفير,1441 هـ,موكب عزاء ماتم الجفير - الجفير
نور التضحية,"صادق_العكراوي, عيسى_العكراوي\nذكرى",ذكرى وفاة ام البنين 1441 هـ\nموكب عزاء مركوبان - سترة,1441 هـ,موكب عزاء مركوبان - سترة
القلب الرحيم,الشيخ_حسين_الأكرف\nذكرى,ذكرى استشهاد الرسول الاعظم (ص) 1435 هـ\nحسينية البلوش - الكويت,1435 هـ,حسينية البلوش - الكويت
القبر المغيب,الشيخ_حسين_الأكرف\nذكرى,ذكرى استشهاد فاطمة الزهراء (ع)  1429 هـ\nالدراز,1429 هـ,
الليلة الأخيرة,"صالح_الدرازي, حيدر_الحلواجي, عبد_الجبار_الدرازي\nليلة",,1444 هـ,موكب عزاء ماتم بن سلوم - المنامة
عاشقة الزهراء,سيد_هاني_الوداعي\nذكرى,ذكرى وفاة السيدة أم البنين 1444 هـ\nموكب عزاء ماتم بن سلوم - المنامة,1444 هـ,موكب عزاء ماتم بن سلوم - المنامة
العهد مع الحسين,الشيخ_حسين_الأكرف\nليلة,,1428 هـ,موكب عزاء بن سلوم - المنامة
العباس ثورة الوفاء,"الشيخ_حسين_الأكرف, أحمد_قربان\nليلة",,1424 هـ,
الضلع الدامي,الشيخ_حسين_الأكرف\nاستشهاد,استشهاد الزهراء (ع) 1431 هـ\nمأتم السيدة زينب (ع)\nمطرح - عمان,1431 هـ,
السلام يا إمام,الشيخ_حسين_الأكرف\nذكرى,ذكرى استشهاد الإمام الحسن العسكري (ع) 1424 هـ\nموكب عزاء بن سلوم - المنامة,1424 هـ,موكب عزاء بن سلوم - المنامة
خير الأوصياء,سيد_شرف_الستراوي\nذكرى,ذكرى استشهاد الامام علي (ع) - 1435 هـ\nماتم السنابس الكبير - السنابس,1435 هـ,ماتم السنابس الكبير - السنابس
نبراس الاحرار,صالح_الدرازي\nذكرى,ذكرى استشهاد الامام السجاد (ع) - 1429 هـ\nداركليب,1429 هـ,
اصل يقيني,"محمود_الشهابي, حسن_نوروز\nذكرى",ذكرى استشهاد الامام الكاظم (ع) - 1438 هـ\nمسجد فاطمة الزهراء (ع) - مدينة الزهراء (ع),1438 هـ,مسجد فاطمة الزهراء (ع) - مدينة الزهراء (ع)
يا غريب الغرباء,جعفر_الدرازي\nذكرى,ذكرى استشهاد الامام علي الرضا (ع) - 1423 هـ\nموكب عزاء قرية المالكية,1423 هـ,موكب عزاء قرية المالكية
روح الله,"عبد_الأمير_البلادي, جعفر_الدرازي\nتأبين",,1436 هـ,ماتم القائم - اسكان عالي\n\nالتسجيل الصوتي: حسن مرهون \nالهندسة الصوتية : محسن الدقاق
جمرة الحنين من دم الحسين,"علي_حمادي, يوسف_الرومي, صالح_الدرازي, سيد_علي_الدرازي",,1422 هـ,ماتم الامام علي - قرية ابو قوة
سلام يا ثرى الزاكي,علي_حمادي\nذكرى,ذكرى استشهاد الامام علي الهادي (ع) - 1419 هـ\nموكب عزاء صدد - قرية صدد,1419 هـ,موكب عزاء صدد - قرية صدد
جئناك ننعاك,علي_حمادي\nذكرى,ذكرى استشهاد الامام الحسن العسكري (ع) - 1419 هـ\nموكب عزاء ماتم بن سلوم - المنامة,1419 هـ,موكب عزاء ماتم بن سلوم - المنامة
أبن سلامي,علي_حمادي\nذكرى,ذكرى استشهاد الامام الصادق (ع) - 1419 هـ\nموكب عزاء النعيم - النعيم,1419 هـ,موكب عزاء النعيم - النعيم
أبنة الصبر,"حسن_نوروز, صادق_العكراوي",ذكرى استشهاد السيدة زينب عليها السلام - 1437 هـ\nحسينية خدارسون - القضيبية,1437 هـ,حسينية خدارسون - القضيبية
تشييع الانبياء,"عبد_الأمير_البلادي, صالح_الدرازي",,1443 هـ,موكب مأتم بمن سلوم المركزي - العاصمة المنامة
من اذاها,صالح_الدرازي\nذكرى,ذكرى استشهاد الزهراء (ع) - 1428 هـ\nماتم ابو صيبع  - ابو صيبع,1428 هـ,ماتم ابو صيبع  - ابو صيبع
مدرسة الاجيال,"صالح_الدرازي, سيد_شرف_الستراوي\nذكرى",,1437 هـ,ماتم الامام علي (ع) - ابو قوة
منهج الاباء,"عبد_الأمير_البلادي, صالح_الدرازي",ذكرى استشهاد الامام الكاظم (ع) - 1444 هـ\nموكب مأتم بمن سلوم المركزي - العاصمة المنامة,1444 هـ,موكب مأتم بمن سلوم المركزي - العاصمة المنامة
الحسين صرخة الدنيا,الشيخ_حسين_الأكرف\nليلة,,1423 هـ,
الحسين صرخة الدنيا,الشيخ_حسين_الأكرف\nتسجيل,,,
الحسين صرخة الدنيا,الشيخ_حسين_الأكرف\nليلة,,1423 هـ,موكب النعيم
البراءة الشهيدة,الشيخ_حسين_الأكرف\nذكرى,ذكرى استشهاد أولاد مسلم (ع) 1424 هـ\nبني جمرة,1424 هـ,
الصابرة 1,يوسف_الرومي\n\nوفاة,وفاة ام البنين (ع)  - 1434 هـ  \nحسينية الامام الباقر (ع) - هيئة موكب بوري,1434 هـ,حسينية الامام الباقر (ع) - هيئة موكب بوري
الصابرة 9,"صالح_الدرازي, عبد_الأمير_البلادي\n#سيد_هاني_الوداعي\n#سيد_حسين_الموسوي\nنخبة",وفاة السيدة ام البنين (ع)  - 1442 هـ \nهذا الجزء من الصابرة كان استوديو بسبب الكورونا \nحسينية الامام الباقر - هيئة موكب بوري,1442 هـ,موكب\n\nوفاة السيدة ام البنين (ع)  - 1442 هـ \nهذا الجزء من الصابرة كان استوديو بسبب الكورونا \nحسينية الامام الباقر - هيئة موكب بوري
الصابرة 8,"صالح_الدرازي, جعفر_الدرازي, سيد_حسين_الموسوي",وفاة ام البنين (ع)  - 1441 هـ \nحسينية الامام الباقر - هيئة موكب بوري,1441 هـ,حسينية الامام الباقر - هيئة موكب بوري
الصابرة 7,"صالح_الدرازي\n#سيد_حسين_الموسوي\n#سيد_حسين_المالكي, عبد_الأمير_البلادي",وفاة ام البنين (ع)  - 1440 هـ \nماتم الامام علي (ع) - هيئة موكب بوري\n\nالهندسة الصوتية : جرح الحسين,1440 هـ,ماتم الامام علي (ع) - هيئة موكب بوري\n\nالهندسة الصوتية : جرح الحسين
الصابرة 6,صالح_الدرازي\n#علي_حمادي\n#عبد_الأمير_البلادي\n#سيد_حسين_الموسوي\n\nوفاة,وفاة ام البنين (ع)  - 1439 هـ \nماتم الامام علي (ع) - هيئة موكب بوري,1439 هـ,ماتم الامام علي (ع) - هيئة موكب بوري
الصابرة 5,"صالح_الدرازي\n#حسين_عبد_الرسول, سيد_حسين_الموسوي\n#محمود_الفرساني\n\nوفاة",وفاة ام البنين (ع)  - 1438 هـ \nحسينية الامام الباقر - هيئة موكب بوري\n\nالهندسة الصوتية : محمد سلمان,1438 هـ,حسينية الامام الباقر - هيئة موكب بوري\n\nالهندسة الصوتية : محمد سلمان
الصابرة 4,صالح_الدرازي\n#يوسف_الرومي\n#سيد_حسين_الموسوي\n#صادق_العكراوي\n#حسين_عبد_الرسول,وفاة ام البنين (ع)  - 1437 هـ \nحسينية الامام الباقر - هيئة موكب بوري,1437 هـ,حسينية الامام الباقر - هيئة موكب بوري
الصابرة 3,"يوسف_الرومي\n#سيد_حسين_الموسوي, حسين_عبد_الرسول, علي_الديري\n\nوفاة",وفاة ام البنين (ع)  - 1436 هـ \nحسينية الامام الباقر (ع) - هيئة موكب بوري\n\nالهندسة الصوتية : محسن الدقاق,1436 هـ,حسينية الامام الباقر (ع) - هيئة موكب بوري\n\nالهندسة الصوتية : محسن الدقاق
قدوة المضحين,"مهدي_سهوان, علي_حمادي",وفاة ام البنين 1433 هـ \nماتم العكر,1433 هـ,ماتم العكر
رواية النهر,سيد_محمود_الموسوي,استشهاد اولاد مسلم ابن عقيل 1443 هـ \nموكب عزاء ماتم عذاري\n\nالهندسة الصوتية : علي مبارك,1443 هـ,موكب عزاء ماتم عذاري\n\nالهندسة الصوتية : علي مبارك
النار و الحاطمة,"علي_حمادي, علي_حمادة",استشهاد الزهراء (ع) 1431 هـ \nمسجد فاطمة الزهراء (ع) - مدينة الزهراء\n\nالهندسة الصوتية : محسن الدقاق,1431 هـ,مسجد فاطمة الزهراء (ع) - مدينة الزهراء\n\nالهندسة الصوتية : محسن الدقاق
لن تموت,"أباذر_الحلواجي, صالح_الدرازي\nمحرم",,1433 هـ,
أبرياء,صالح_الدرازي\nمحرم,,1435 هـ,
نورس حزن,صالح_الدرازي\nمحرم,,1434 هـ,
رايات الحسين,حسين_السيسي\nمحرم,,1433 هـ,
حديث الطف,حسين_السيسي\nمحرم,,1435 هـ,
غضب,جعفر_القشعمي\nمحرم,,1435 هـ,
أسطورة,جعفر_القشعمي\nمحرم,,1433 هـ,
خذني اليك,سيد_هاني_الوداعي\nمحرم,,1435 هـ,
شمس خلف السحاب,جعفر_الدرازي\nمحرم,,1435 هـ,
صوت الاحرار,"عبد_الأمير_البلادي, الشيخ_حسين_الأكرف\nمحرم",,1435 هـ,
جمرة ما تبرد,سيد_شرف_الستراوي\nليلة,,1440 هـ,ماتم السنابس الكبير - السنابس
تمشي العقيلة,جعفر_الدرازي\nليلة,,1427 هـ,ماتم النعيم الغربيي - النعيم
روح كربلاء,"سيد_حسين_المالكي, جعفر_الدرازي\nذكرى",,1435 هـ,
لن تنكسر,مهدي_سهوان\nتسقيط,,1438 هـ,ماتم علي بن احمد الحايكي - الحياك - المحرق
جراح عاشوراء,صالح_الدرازي,,1431 هـ,ماتم الحاج حسن العالي - عالي
قد بكينا المحراب حزنا,"عبد_الأمير_البلادي, مصعب_آل_عمير\nليلة",,1433 هـ,ماتم الامام علي (ع) - أبو قوة\n\nالهندسة الصوتية : محسن الدقاق
قد عزينا الهادي,"صالح_الدرازي, أمين_الدرازي\nاستشهاد",استشهاد الهادي عليه السلام - 1430 هـ\nالدراز,1430 هـ,
بالحزن والدمعة,"سيد_هاني_الوداعي, سيد_حسين_الموسوي",استشهاد فاطمة الزهراء عليها السلام - 1431 هـ\nموكب مأتم بن سلوم - المنامة,1431 هـ,موكب مأتم بن سلوم - المنامة
دموع الكاظم,"يوسف_الرومي, سيد_ابراهيم_الستري\nاستشهاد",استشهاد الكاظم عليه السلام - 1432 هـ\nعزاء قرية سترة - واديان\n\nالهندسة الصوتية : حسين علي,1432 هـ,
دمع العيون,"حسين_الجد, أحمد_السماهيجي\nليلة",,1432 هـ,موكب عزاء مأتم أهالي الديه
بحق الحسن الزاكي,"حسين_الجد, أحمد_قربان\nاستشهاد",استشهاد الحسن الزكي عليه السلام - 1429 هـ\nالمالكية,1429 هـ,
ويبقى الحسين,"يوسف_الرومي, سيد_ناصر_الشرف\nمحرم",,1435 هـ,
الباذلون,الشيخ_حسين_الأكرف\nشهر,,1426 هـ,
الأمر تمهد,الشيخ_حسين_الأكرف\nذكرى,ذكرى استشهاد الإمام الحسن العسكري (ع) 1428 هـ\nمسجد الإمام الحسين(ع) - العوامية (القطيف)\n\nأعاد الشيخ الشريط في القطيف بعد مشاركته في موكب صدد المركزي (13),1428 هـ,مسجد الإمام الحسين(ع) - العوامية (القطيف)\n\nأعاد الشيخ الشريط في القطيف بعد مشاركته في موكب صدد المركزي (13)
الممتحنة 15,"علي_حمادي\n#مهدي_سهوان\n#عبد_الأمير_البلادي, سيد_حسين_الموسوي, عبد_المنعم_المرزوق\n\nاستشهاد",استشهاد فاطمة الزهراء (ع)  - 1444 هـ \nماتم سار الكبير,1444 هـ,ماتم سار الكبير
الممتحنة 14,"علي_حمادي\n#مهدي_سهوان\n#عبد_الأمير_البلادي, سيد_حسين_الموسوي\n#حسن_نوروز\n\nاستشهاد",استشهاد فاطمة الزهراء (ع)  - 1443 هـ \nماتم سار الكبير,1443 هـ,ماتم سار الكبير
الممتحنة 13,"علي_حمادي\n#مهدي_سهوان\n#عبد_الأمير_البلادي, سيد_حسين_الموسوي\n\nاستشهاد",استشهاد فاطمة الزهراء (ع)  - 1442 هـ \nهذا الجزء من الممتحنة كان  قصيدة استوديو بسبب الكورونا\nماتم سار الكبير,1442 هـ,ماتم سار الكبير
الأمر تمهد,الشيخ_حسين_الأكرف\nذكرى,ذكرى استشهاد الأمام الحسن العسكري (ع) 1428 هـ\nموكب صدد المركزي (13),1428 هـ,موكب صدد المركزي (13)
الإسم الأعظم,الشيخ_حسين_الأكرف\nاستشهاد,استشهاد الامام علي (ع) ليلة 22 رمضان 1426 هـ\nمأتم الإمام علي (ع) - أبو قوة,1426 هـ,
الأربعون و الأسى,الشيخ_حسين_الأكرف,,1431 هـ,
الممتحنة 12,"علي_حمادي\n#مهدي_سهوان\n#عبد_الأمير_البلادي, سيد_حسين_الموسوي\n\nاستشهاد",استشهاد فاطمة الزهراء (ع)  - 1441 هـ \nماتم السنابس الكبير,1441 هـ,ماتم السنابس الكبير
الممتحنة 11,"علي_حمادي\n#سيد_محمود_الموسوي\n#عبد_الأمير_البلادي, سيد_حسين_الموسوي\n\nاستشهاد",استشهاد فاطمة الزهراء (ع)  - 1440 هـ \nماتم سار الكبير,1440 هـ,ماتم سار الكبير
الممتحنة 10,"علي_حمادي\n#مهدي_سهوان\n#عبد_الأمير_البلادي, سيد_حسين_الموسوي\n\nاستشهاد",استشهاد فاطمة الزهراء (ع)  - 1439 هـ \nماتم سار الكبير,1439 هـ,ماتم سار الكبير
الممتحنة 9,"علي_حمادي\n#مهدي_سهوان\n#عبد_الأمير_البلادي, سيد_حسين_الموسوي\n\nاستشهاد",استشهاد فاطمة الزهراء (ع)  - 1438 هـ \nماتم سار الكبير,1438 هـ,ماتم سار الكبير
الممتحنة 8,"علي_حمادي\n#عبد_الأمير_البلادي, سيد_حسين_الموسوي\n#أباذر_الحلواجي\n#سيد_حسين_المالكي, أحمد_العويناتي\n#أحمد_قربان\n\nاستشهاد",استشهاد فاطمة الزهراء (ع)  - 1437 هـ \nماتم سار الكبير,1437 هـ,ماتم سار الكبير
الممتحنة 7,"علي_حمادي\n#سيد_هاني_الوداعي\n#عبد_الأمير_البلادي, يوسف_الرومي\n#سيد_حسين_الموسوي\n#سيد_حسن_البلادي\n\nاستشهاد",استشهاد فاطمة الزهراء (ع)  - 1436 هـ \nماتم سار الكبير,1436 هـ,ماتم سار الكبير
الممتحنة 6,"علي_حمادي\n#يوسف_الرومي, عبد_الأمير_البلادي, سيد_حسين_الموسوي\n#صالح_الشيخ\n\n\n\nاستشهاد",استشهاد فاطمة الزهراء (ع)  - 1435 هـ \nماتم سار الكبير,1435 هـ,ماتم سار الكبير
الممتحنة 5,"علي_حمادي\n#مهدي_سهوان\n#عبد_الأمير_البلادي, سيد_حسين_الموسوي\n#يوسف_الرومي\n\nاستشهاد",استشهاد فاطمة الزهراء (ع)  - 1434 هـ \nماتم سار الكبير,1434 هـ,ماتم سار الكبير
الممتحنة 4,"مهدي_سهوان\n#عبد_الأمير_البلادي, سيد_حسين_الموسوي\n#يوسف_الرومي\n#عبد_الجبار_الدرازي\n\nاستشهاد",استشهاد فاطمة الزهراء (ع)  - 1433 هـ \nماتم سار الكبير,1433 هـ,ماتم سار الكبير
الممتحنة 3,"علي_حمادي\n#مهدي_سهوان\n#سيد_مصطفى_الموسوي\n#يوسف_الرومي, سيد_هاني_الوداعي\n#عبد_الأمير_البلادي, عبد_الجبار_الدرازي",استشهاد فاطمة الزهراء (ع)  - 1431 هـ \nماتم سار الكبير,1431 هـ,ماتم سار الكبير
الممتحنة 2,"علي_حمادي\n#مهدي_سهوان\n#عبد_الأمير_البلادي, سيد_حسين_الموسوي\n#سيد_هاني_الوداعي, صالح_الشيخ\n#حسين_أحمد\n\nاستشهاد",استشهاد فاطمة الزهراء (ع)  - 1430 هـ \nماتم سار الكبير,1430 هـ,ماتم سار الكبير
الممتحنة 1,"علي_حمادي\n#مهدي_سهوان\n#عبد_الأمير_البلادي, سيد_حسين_الموسوي\n#حسين_أحمد\n#يوسف_الرومي\n\nاستشهاد",استشهاد فاطمة الزهراء (ع)  - 1429 هـ \nماتم سار الكبير\n\nحمادي ميديا,1429 هـ,ماتم سار الكبير\n\nحمادي ميديا
أغثنا يا أبا العلم,الشيخ_حسين_الأكرف\n\nاستشهاد,استشهاد الأمام الصادق (ع) 1431 هـ\nموكب ماتم بن سلوم - المنامة,1431 هـ,موكب ماتم بن سلوم - المنامة
الحق زهراء,صالح_الدرازي\nاستشهاد,استشهاد فاطمة الزهراء (ع)  - 1443 هـ \nموكب ماتم بن سلوم المركزي  - العاصمة المنامة,1443 هـ,موكب ماتم بن سلوم المركزي  - العاصمة المنامة
سر الله,صالح_الدرازي\nاستشهاد,استشهاد فاطمة الزهراء (ع)  - 1430 هـ \nمسجد فاطمة الزهراء (ع) - مدينة الزهراء (ع)\n\nالهندسة الصوتية : سيد محمد الشهركاني,1430 هـ,مسجد فاطمة الزهراء (ع) - مدينة الزهراء (ع)\n\nالهندسة الصوتية : سيد محمد الشهركاني
يا أم عباس,جعفر_الدرازي\nوفاة,وفاة السيدة ام البنين  - 1433 هـ \nماتم  شباب الامام الحسين (ع) - القديح,1433 هـ,ماتم  شباب الامام الحسين (ع) - القديح
علمينا الصمود,"سيد_حسين_المالكي, سيد_حسين_الموسوي\nاستشهاد",استشهاد السيدة زينب عليها السلام - 1433 هـ \nماتم الامام علي (ع) - ابو قوة\n\nالهندسة الصوتية : محسن الدقاق,1433 هـ,ماتم الامام علي (ع) - ابو قوة\n\nالهندسة الصوتية : محسن الدقاق
عودة الاحزان,"صالح_الدرازي, جعفر_الدرازي\n\nالاربعين",,1424 هـ,ماتم جبلة حبشي - جبلة حبشي
إشراقة الخميني,الشيخ_حسين_الأكرف\n\nتابين,,1424 هـ,
أسرار,الشيخ_حسين_الأكرف\nشهر,,1429هـ,
ذبح الطفل,"صالح_الدرازي, علي_حمادي, سيد_حسين_المالكي\n\nموكب",,1438 هـ,موكب النعيم - ليلة عاشر من محرم - 1438 هـ\n\nالهندسة الصوتية : شريف المرهون
حج كربلاء,سيد_شرف_الستراوي\n\n,,1438 هـ,ماتم حمد - واديان - سترة\n\nالهندسة الصوتية : جرح الحسين
باب الفرج,سيد_شرف_الستراوي,استشهاد الامام العسكري (ع) - 1439 هـ\nموكب صدد المركزي (23)\n\nالهندسة الصوتية : جرح الحسين,1439 هـ,موكب صدد المركزي (23)\n\nالهندسة الصوتية : جرح الحسين
لما صرعوا,سيد_هاني_الوداعي,,1428 هـ,
فصبرت,مهدي_سهوان,,,ماتم الحاج علي بن أحمد - الحياك - المحرق\n\nالهندسة الصوتية : محسن الدقاق
إروي يقيني,الشيخ_حسين_الأكرف\nذكرى,ذكرى استشهاد فاطمة الزهراء (ع) 1431 هـ\nمأتم الافراض  - سلطنة عمان,1431 هـ,
أدركنا يا مختار,الشيخ_حسين_الأكرف\nليلة,,1433 هـ,حسينية البلوش - الكويت
أحاديث,الشيخ_حسين_الأكرف\nشهر,,1428 هـ,
إبن المنابر,الشيخ_حسين_الأكرف\n\nليلة,,1437 هـ,حسينية الحيدرية - الكويت
آنه بخير,الشيخ_حسين_الأكرف\n\nشهر,,1442 هـ,
شمس الخميني,"مهدي_سهوان, سيد_ابراهيم_الستري\n\n",,1430 هـ,
انا الهادي,"سيد_حسين_الموسوي, سيد_حسين_المالكي\n\n",استشهاد الامام الهادي (ع) - 1431 هـ,1431 هـ,
وعد الرحيل,الشيخ_حسين_الأكرف\n,استشهاد الامام الكاظم  - 1434 هـ,1434 هـ,
أم الامان,سيد_شرف_الستراوي\nماتم,وفاة ام البنين - 1438 هـ,1438 هـ,ماتم بن عيد - سند - وفاة ام البنين - 1438 هـ
كسرنا القيود,يوسف_الرومي,استشهاد الامام موسى الكاظم (ع) - 1435 هـ\n\nالهندسة الصوتية : علي مبارك,1435 هـ,مسجد فاطمة الزهراء (ع) - مدينة الزهراء (ع) - في استشهاد الامام موسى الكاظم (ع) - 1435 هـ\n\nالهندسة الصوتية : علي مبارك
صرخة الحوراء,"يوسف_الرومي, علي_حمادي\nماتم",استشهاد السيدة زينب عليها السلام - 1428 هـ,1428 هـ,ماتم الامام علي (ع) - ابو قوة - في استشهاد السيدة زينب عليها السلام - 1428 هـ
أذن يا بلال,"يوسف_الرومي, أباذر_الحلواجي\nماتم",استشهاد الزهراء (ع) - 1427 هـ,1427 هـ,ماتم بن زبر - في استشهاد الزهراء (ع) - 1427 هـ
ثأر موسى في جبيني,"الشيخ_حسن_عيسى, صالح_الدرازي\n\nماتم",استشهاد الامام الكاظم (ع) - 1416 هـ,1416 هـ,ماتم سترة - في استشهاد الامام الكاظم (ع) - 1416 هـ
بحق زينب,سيد_هاني_الوداعي\n\nماتم,ذكرى استشهاد السيدة زينب عليها السلام  - 1429 هـ,1429 هـ,ماتم الامام علي (ع)  - قرية ابو قوة - في ذكرى استشهاد السيدة زينب عليها السلام  - 1429 هـ
علمينا الصبر يا زهراء,"مهدي_سهوان, علي_حمادي\n\nفي",ذكرى استشهاد الزهراء (ع) \nليلة 14 جمادى الأول من عام 1433 هـ\nمسجد فاطمة الزهراء (ع) - مدينة الزهراء\n\nالإعادة ما بعد المشاركة في ماتم بن خميس اللتي ضمت علي حمادي و جعفر سهوان,1433 هـ,مسجد فاطمة الزهراء (ع) - مدينة الزهراء\n\nالإعادة ما بعد المشاركة في ماتم بن خميس اللتي ضمت علي حمادي و جعفر سهوان
قصة الكاظم,صالح_الدرازي\n\nموكب,,1420 هـ,موكب ماتم بن سلوم المركزي في العاصمة المنامة - في ذكرى اسشتهاد الامام موسى الكاظم ليلة 25 رجب  - 1420 هـ
حتى أتاك اليقين,"سيد_هاني_الوداعي\n#أحمد_قربان, الشيخ_حسين_الأكرف\n\nماتم",ذكرى استشهاد الامام علي (ع)  ليلة 22 رمضان 1430 هـ\n\nالهندسة الصوتية : محسن الدقاق,1430 هـ,ماتم الامام علي (ع) - قرية ابو قوة - في ذكرى استشهاد الامام علي (ع)  ليلة 22 رمضان 1430 هـ\n\nالهندسة الصوتية : محسن الدقاق
ظلموها,صالح_الدرازي\n\nماتم,,1427 هـ,ماتم الامام علي (ع) - قرية ابو قوة - في ذكرى تسقيط الزهراء(ع)  - 1427 هـ\n\nالهندسة الصوتية : محسن الدقاق
قصيدة الدموع,صالح_الدرازي\n\nماتم,,1431 هـ,ماتم الحاج حسن العالي - قرية عالي - في ليلة الثاني من محرم - 1431 هـ\nالهندسة الصوتية : سيد محمد الشهركاني
حسينيون في اخلاقنا,صالح_الدرازي\n\nاستشهاد,استشهاد السيدة زينب سلام الله عليها  - 1431 هـ\nموكب ماتم الحاج عباس,1431 هـ,موكب ماتم الحاج عباس
دعوات العالم للامام القائم,"مهدي_سهوان, يوسف_الرومي\n#سيد_ابراهيم_الستري\n\nشهادة",,1430 هـ,موكب بن سلوم المركزي في العاصمة المنامة
قل لموسى,"مهدي_سهوان, صالح_الشيخ\n\nمسجد",استشهاد الامام موسى الكاظم {ع} 1432 هـ\nالهندسة الصوتية : محسن الدقاق,1432 هـ,مسجد فاطمة الزهراء - مدينة الزهراء\nاستشهاد الامام موسى الكاظم {ع} 1432 هـ\nالهندسة الصوتية : محسن الدقاق
يا أمة الاسلام هلي,عبد_الأمير_البلادي,استشهاد الامام علي (ع) \nليلة 20 رمضان 1426 هـ\nموكب ماتم بن سلوم - المنامة,1426 هـ,موكب ماتم بن سلوم - المنامة
آه ويلاه إنا لله,الشيخ_حسين_الأكرف,ذكرى استشهاد الأمام الحسن العسكري (ع)\nليلة 9 ربيع الاول 1425 هـ\nموكب صدد المركزي (10)\n\nكاسيت,1425 هـ,موكب صدد المركزي (10)\n\nكاسيت
الوحي كبر,صالح_الدرازي\n\nموكب,ذكرى استشهاد الرسول الاعظم النبي محمد (ص)  - 1432 هـ,1432 هـ,موكب ماتم بن سلوم في ذكرى استشهاد الرسول الاعظم النبي محمد (ص)  - 1432 هـ
حديث الباب,"علي_حمادي, صالح_الدرازي\n\nماتم",استشهاد الزهراء (ع) - 1425 هـ,1425 هـ,ماتم الامام علي - ابو قوة في استشهاد الزهراء (ع) - 1425 هـ
أذن الشوق,صالح_الدرازي\nليلة,,1431 هـ,موكب النعيم \n\nالهندسة الصوتية : سيد محمد الشهركاني
ضمايا نحن يا كرار,"صالح_الدرازي, جعفر_القشعمي, عبدالله_الحمدة\n\nموكب",استشهاد الامام علي (ع) ليلة 21 رمضان - 1421 هـ,1421 هـ,موكب النعيم في استشهاد الامام علي (ع) ليلة 21 رمضان - 1421 هـ
صوت مصاب صوت بكاء,"علي_حمادي, عبد_الأمير_البلادي",استشهاد النبي محمد (ص) و ابنته الزهراء (ع) - 1428 هـ,1428 هـ,
,الشيخ_حسين_الأكرف\n\nإصدار,,1443 هـ,
,الشيخ_حسين_الأكرف\n\nإصدار,,1444 هـ,
اظهر يا مهدي اظهر,صالح_الدرازي\n\nموكب,ذكرى استشهاد الامام الجواد (ع) - 1417 هـ 1997م,1417 هـ,موكب ماتم بن سلوم المركزي - المنامة                                                                                   \nفي ذكرى استشهاد الامام الجواد (ع) - 1417 هـ 1997م
احمل سيفك يا شيخ الأنصار,صالح_الدرازي\n\nموكب,ذكرى استشهاد حبيب ابن مضاهر الاسدي - ليلة 6 محرم 1421 هـ,1421 هـ,موكب النعيم\nفي ذكرى استشهاد حبيب ابن مضاهر الاسدي - ليلة 6 محرم 1421 هـ
,,,,
,,,,
,,,,
مكتبة العزاء البحراني,],,,
,,,,
